"CAINC1 County and MSA personal income summary: personal income, population, per capita personal income"
"CAINC1 County and MSA personal income summary: personal income, population, per capita personal income"
County
GeoFips,GeoName,2011
01001,"Autauga, AL",1913079
01003,"Baldwin, AL",7113915
01005,"Barbour, AL",767420
01007,"Bibb, AL",588713
01009,"Blount, AL",1636989
01011,"Bullock, AL",255726
01013,"Butler, AL",599684
01015,"Calhoun, AL",3738325
01017,"Chambers, AL",976888
01019,"Cherokee, AL",750284
01021,"Chilton, AL",1258527
01023,"Choctaw, AL",398580
01025,"Clarke, AL",745522
01027,"Clay, AL",363937
01029,"Cleburne, AL",428031
01031,"Coffee, AL",1818580
01033,"Colbert, AL",1774054
01035,"Conecuh, AL",347119
01037,"Coosa, AL",291534
01039,"Covington, AL",1120373
01041,"Crenshaw, AL",403098
01043,"Cullman, AL",2500455
01045,"Dale, AL",1706248
01047,"Dallas, AL",1262844
01049,"DeKalb, AL",1842469
01051,"Elmore, AL",2836864
01053,"Escambia, AL",1053026
01055,"Etowah, AL",3200276
01057,"Fayette, AL",462292
01059,"Franklin, AL",884947
01061,"Geneva, AL",785192
01063,"Greene, AL",244046
01065,"Hale, AL",463350
01067,"Henry, AL",563171
01069,"Houston, AL",3745063
01071,"Jackson, AL",1615931
01073,"Jefferson, AL",28554058
01075,"Lamar, AL",399888
01077,"Lauderdale, AL",2949955
01079,"Lawrence, AL",963483
01081,"Lee, AL",4482826
01083,"Limestone, AL",3058655
01085,"Lowndes, AL",344281
01087,"Macon, AL",557181
01089,"Madison, AL",14815319
01091,"Marengo, AL",653216
01093,"Marion, AL",794221
01095,"Marshall, AL",2786450
01097,"Mobile, AL",13917012
01099,"Monroe, AL",621981
01101,"Montgomery, AL",8562633
01103,"Morgan, AL",3951655
01105,"Perry, AL",279857
01107,"Pickens, AL",566604
01109,"Pike, AL",1062406
01111,"Randolph, AL",602523
01113,"Russell, AL",1624126
01115,"St. Clair, AL",2601329
01117,"Shelby, AL",8845567
01119,"Sumter, AL",361327
01121,"Talladega, AL",2345414
01123,"Tallapoosa, AL",1362307
01125,"Tuscaloosa, AL",6568005
01127,"Walker, AL",2286001
01129,"Washington, AL",525184
01131,"Wilcox, AL",303818
01133,"Winston, AL",678360
02010,"Aleutian Islands Census Area, AK*",(NA)
02013,"Aleutians East Borough, AK*",120582
02016,"Aleutians West Census Area, AK*",255240
02020,"Anchorage Municipality, AK",17438447
02050,"Bethel Census Area, AK*",637284
02060,"Bristol Bay Borough, AK",80989
02063,"Chugach Census Area, AK*",(NA)
02066,"Copper River Census Area, AK*",(NA)
02068,"Denali Borough, AK*",128075
02070,"Dillingham Census Area, AK*",229075
02090,"Fairbanks North Star Borough, AK",5048355
02100,"Haines Borough, AK*",116013
02105,"Hoonah-Angoon Census Area, AK*",94874
02110,"Juneau City and Borough, AK",1872852
02122,"Kenai Peninsula Borough, AK*",2607522
02130,"Ketchikan Gateway Borough, AK*",783119
02150,"Kodiak Island Borough, AK",717325
02158,"Kusilvak Census Area, AK*",204597
02164,"Lake and Peninsula Borough, AK*",74946
02170,"Matanuska-Susitna Borough, AK",3953480
02180,"Nome Census Area, AK",408205
02185,"North Slope Borough, AK*",595932
02188,"Northwest Arctic Borough, AK",295184
02195,"Petersburg Borough, AK*",206545
02198,"Prince of Wales-Hyder Census Area, AK*",198295
02201,"Prince of Wales-Outer Ketchikan Census Area, AK*",(NA)
02220,"Sitka City and Borough, AK*",520908
02230,"Skagway Municipality, AK*",74857
02231,"Skagway-Yakutat-Angoon Census Area, AK*",(NA)
02232,"Skagway-Hoonah-Angoon Census Area, AK*",(NA)
02240,"Southeast Fairbanks Census Area, AK*",310562
02261,"Valdez-Cordova Census Area, AK*",507783
02275,"Wrangell City and Borough, AK*",98137
02280,"Wrangell-Petersburg Census Area, AK*",(NA)
02282,"Yakutat City and Borough, AK*",34762
02290,"Yukon-Koyukuk Census Area, AK*",256627
02901,"Aleutian Islands Division, AK*",(NA)
02903,"Angoon Division, AK*",(NA)
02904,"Barrow-North Slope Division, AK*",(NA)
02905,"Bethel Division, AK*",(NA)
02907,"Bristol Bay Division, AK*",(NA)
02908,"Cordova-McCarthy Division, AK*",(NA)
02910,"Haines Division, AK*",(NA)
02912,"Kenai-Cook Inlet Division, AK*",(NA)
02916,"Kuskokwim Division, AK*",(NA)
02919,"Outer Ketchikan Division, AK*",(NA)
02920,"Prince of Wales Division, AK*",(NA)
02921,"Seward Division, AK*",(NA)
02922,"Sitka Division, AK*",(NA)
02923,"Skagway-Yakutat Division, AK*",(NA)
02924,"Southeast Fairbanks Division, AK*",(NA)
02925,"Upper Yukon Division, AK*",(NA)
02926,"Valdez-Chitina-Whittier Division, AK*",(NA)
02928,"Wrangell-Petersburg Division, AK*",(NA)
02929,"Yukon-Koyukuk Division, AK*",(NA)
04001,"Apache, AZ",1959327
04003,"Cochise, AZ",4703524
04005,"Coconino, AZ",4901006
04007,"Gila, AZ",1751777
04009,"Graham, AZ",943128
04011,"Greenlee, AZ",268576
04012,"La Paz, AZ*",592915
04013,"Maricopa, AZ",146124804
04015,"Mohave, AZ",5239740
04017,"Navajo, AZ",2726135
04019,"Pima, AZ",34860323
04021,"Pinal, AZ",9512714
04023,"Santa Cruz, AZ",1437572
04025,"Yavapai, AZ",6433249
04027,"Yuma, AZ*",5748504
05001,"Arkansas, AR",689343
05003,"Ashley, AR",683113
05005,"Baxter, AR",1261565
05007,"Benton, AR",13096605
05009,"Boone, AR",1097421
05011,"Bradley, AR",331178
05013,"Calhoun, AR",143980
05015,"Carroll, AR",692220
05017,"Chicot, AR",357544
05019,"Clark, AR",672889
05021,"Clay, AR",462804
05023,"Cleburne, AR",817392
05025,"Cleveland, AR",248352
05027,"Columbia, AR",780392
05029,"Conway, AR",682982
05031,"Craighead, AR",3194117
05033,"Crawford, AR",1751062
05035,"Crittenden, AR",1553409
05037,"Cross, AR",543898
05039,"Dallas, AR",223036
05041,"Desha, AR",419456
05043,"Drew, AR",587155
05045,"Faulkner, AR",3796850
05047,"Franklin, AR",481157
05049,"Fulton, AR",300368
05051,"Garland, AR",3255301
05053,"Grant, AR",570223
05055,"Greene, AR",1228212
05057,"Hempstead, AR",590085
05059,"Hot Spring, AR",879828
05061,"Howard, AR",370804
05063,"Independence, AR",1114883
05065,"Izard, AR",348629
05067,"Jackson, AR",512185
05069,"Jefferson, AR",2301189
05071,"Johnson, AR",623576
05073,"Lafayette, AR",206827
05075,"Lawrence, AR",453999
05077,"Lee, AR",283100
05079,"Lincoln, AR",308247
05081,"Little River, AR",389382
05083,"Logan, AR",617173
05085,"Lonoke, AR",2338043
05087,"Madison, AR",390339
05089,"Marion, AR",416260
05091,"Miller, AR",1303316
05093,"Mississippi, AR",1404223
05095,"Monroe, AR",233515
05097,"Montgomery, AR",228689
05099,"Nevada, AR",254571
05101,"Newton, AR",196639
05103,"Ouachita, AR",806525
05105,"Perry, AR",318517
05107,"Phillips, AR",606766
05109,"Pike, AR",301483
05111,"Poinsett, AR",687551
05113,"Polk, AR",499224
05115,"Pope, AR",1855191
05117,"Prairie, AR",246786
05119,"Pulaski, AR",16550241
05121,"Randolph, AR",483461
05123,"St. Francis, AR",685864
05125,"Saline, AR",3901725
05127,"Scott, AR",249264
05129,"Searcy, AR",205912
05131,"Sebastian, AR",4542742
05133,"Sevier, AR",408108
05135,"Sharp, AR",463672
05137,"Stone, AR",318169
05139,"Union, AR",1681756
05141,"Van Buren, AR",474746
05143,"Washington, AR",6301208
05145,"White, AR",2386867
05147,"Woodruff, AR",215321
05149,"Yell, AR",570918
06001,"Alameda, CA",77301332
06003,"Alpine, CA",59552
06005,"Amador, CA",1309908
06007,"Butte, CA",7394936
06009,"Calaveras, CA",1689688
06011,"Colusa, CA",860642
06013,"Contra Costa, CA",61049539
06015,"Del Norte, CA",801110
06017,"El Dorado, CA",9102802
06019,"Fresno, CA",30713635
06021,"Glenn, CA",960396
06023,"Humboldt, CA",4860509
06025,"Imperial, CA",5484146
06027,"Inyo, CA",807016
06029,"Kern, CA",27307412
06031,"Kings, CA",4447898
06033,"Lake, CA",2034252
06035,"Lassen, CA",976210
06037,"Los Angeles, CA",448886977
06039,"Madera, CA",4446463
06041,"Marin, CA",22828237
06043,"Mariposa, CA",668438
06045,"Mendocino, CA",3312742
06047,"Merced, CA",7738146
06049,"Modoc, CA",345372
06051,"Mono, CA",586890
06053,"Monterey, CA",17462059
06055,"Napa, CA",6644810
06057,"Nevada, CA",4674817
06059,"Orange, CA",156467073
06061,"Placer, CA",17691189
06063,"Plumas, CA",784030
06065,"Riverside, CA",72179702
06067,"Sacramento, CA",56971040
06069,"San Benito, CA",2073624
06071,"San Bernardino, CA",63385754
06073,"San Diego, CA",144475867
06075,"San Francisco, CA",65202071
06077,"San Joaquin, CA",22918431
06079,"San Luis Obispo, CA",11443277
06081,"San Mateo, CA",57392287
06083,"Santa Barbara, CA",20369091
06085,"Santa Clara, CA",119185630
06087,"Santa Cruz, CA",13060271
06089,"Shasta, CA",6225086
06091,"Sierra, CA",105608
06093,"Siskiyou, CA",1486467
06095,"Solano, CA",16111580
06097,"Sonoma, CA",21654619
06099,"Stanislaus, CA",17014910
06101,"Sutter, CA",3347810
06103,"Tehama, CA",1901761
06105,"Trinity, CA",386509
06107,"Tulare, CA",14153502
06109,"Tuolumne, CA",1968693
06111,"Ventura, CA",39733578
06113,"Yolo, CA",8633908
06115,"Yuba, CA",2348702
08001,"Adams, CO*",14716886
08003,"Alamosa, CO",477003
08005,"Arapahoe, CO",28160778
08007,"Archuleta, CO",395297
08009,"Baca, CO",161050
08011,"Bent, CO",144925
08013,"Boulder, CO*",15739217
08014,"Broomfield, CO*",3234213
08015,"Chaffee, CO",595003
08017,"Cheyenne, CO",108150
08019,"Clear Creek, CO",426427
08021,"Conejos, CO",217649
08023,"Costilla, CO",98016
08025,"Crowley, CO",95656
08027,"Custer, CO",148247
08029,"Delta, CO",937138
08031,"Denver, CO",33108014
08033,"Dolores, CO",62772
08035,"Douglas, CO",16828234
08037,"Eagle, CO",2418350
08039,"Elbert, CO",1111392
08041,"El Paso, CO",25662942
08043,"Fremont, CO",1285832
08045,"Garfield, CO",2255612
08047,"Gilpin, CO",197371
08049,"Grand, CO",503117
08051,"Gunnison, CO",565437
08053,"Hinsdale, CO",34366
08055,"Huerfano, CO",204225
08057,"Jackson, CO",54584
08059,"Jefferson, CO*",25532489
08061,"Kiowa, CO",71232
08063,"Kit Carson, CO",290354
08065,"Lake, CO",213608
08067,"La Plata, CO",2245654
08069,"Larimer, CO",11937108
08071,"Las Animas, CO",452337
08073,"Lincoln, CO",149473
08075,"Logan, CO",881303
08077,"Mesa, CO",5248190
08079,"Mineral, CO",36282
08081,"Moffat, CO",485209
08083,"Montezuma, CO",845258
08085,"Montrose, CO",1272275
08087,"Morgan, CO",967640
08089,"Otero, CO",569610
08091,"Ouray, CO",186306
08093,"Park, CO",568329
08095,"Phillips, CO",189517
08097,"Pitkin, CO",1590969
08099,"Prowers, CO",420875
08101,"Pueblo, CO",4865919
08103,"Rio Blanco, CO",278958
08105,"Rio Grande, CO",404059
08107,"Routt, CO",1394018
08109,"Saguache, CO",170772
08111,"San Juan, CO",28596
08113,"San Miguel, CO",379229
08115,"Sedgwick, CO",110123
08117,"Summit, CO",1343325
08119,"Teller, CO",969628
08121,"Washington, CO",191254
08123,"Weld, CO*",9187200
08125,"Yuma, CO",448869
09001,"Fairfield, CT",95763724
09003,"Hartford, CT",47062128
09005,"Litchfield, CT",9852604
09007,"Middlesex, CT",9081285
09009,"New Haven, CT",39765111
09011,"New London, CT",13071673
09013,"Tolland, CT",7175311
09015,"Windham, CT",4533929
10001,"Kent, DE",5866771
10003,"New Castle, DE",26114830
10005,"Sussex, DE",7779003
11001,"District of Columbia, DC",41361087
12001,"Alachua, FL",9139530
12003,"Baker, FL",720127
12005,"Bay, FL",6453325
12007,"Bradford, FL",751516
12009,"Brevard, FL",20957599
12011,"Broward, FL",74673005
12013,"Calhoun, FL",347690
12015,"Charlotte, FL",5380929
12017,"Citrus, FL",4522086
12019,"Clay, FL",6927010
12021,"Collier, FL",21255653
12023,"Columbia, FL",2004983
12027,"DeSoto, FL",788929
12029,"Dixie, FL",366500
12031,"Duval, FL",33315082
12033,"Escambia, FL",10787351
12035,"Flagler, FL",3382203
12037,"Franklin, FL",348326
12039,"Gadsden, FL",1406880
12041,"Gilchrist, FL",459835
12043,"Glades, FL",254592
12045,"Gulf, FL",425608
12047,"Hamilton, FL",328750
12049,"Hardee, FL",666761
12051,"Hendry, FL",1006979
12053,"Hernando, FL",5413804
12055,"Highlands, FL",2929306
12057,"Hillsborough, FL",53913786
12059,"Holmes, FL",526662
12061,"Indian River, FL",8023131
12063,"Jackson, FL",1408839
12065,"Jefferson, FL",491809
12067,"Lafayette, FL",184499
12069,"Lake, FL",10186823
12071,"Lee, FL",26354773
12073,"Leon, FL",10656738
12075,"Levy, FL",1168773
12077,"Liberty, FL",188723
12079,"Madison, FL",486509
12081,"Manatee, FL",13138932
12083,"Marion, FL",10574046
12085,"Martin, FL",8564846
12086,"Miami-Dade, FL",100385301
12087,"Monroe, FL",4644108
12089,"Nassau, FL",3408115
12091,"Okaloosa, FL",7643400
12093,"Okeechobee, FL",1048366
12095,"Orange, FL",41700896
12097,"Osceola, FL",7907682
12099,"Palm Beach, FL",77475378
12101,"Pasco, FL",15906130
12103,"Pinellas, FL",40053138
12105,"Polk, FL",19611331
12107,"Putnam, FL",2048899
12109,"St. Johns, FL",10929534
12111,"St. Lucie, FL",9099000
12113,"Santa Rosa, FL",5955925
12115,"Sarasota, FL",18345122
12117,"Seminole, FL",16231327
12119,"Sumter, FL",3328737
12121,"Suwannee, FL",1265607
12123,"Taylor, FL",603474
12125,"Union, FL",277514
12127,"Volusia, FL",17093542
12129,"Wakulla, FL",923812
12131,"Walton, FL",2368647
12133,"Washington, FL",660202
13001,"Appling, GA",507365
13003,"Atkinson, GA",197119
13005,"Bacon, GA",296335
13007,"Baker, GA",119430
13009,"Baldwin, GA",1253858
13011,"Banks, GA",475493
13013,"Barrow, GA",1988107
13015,"Bartow, GA",3047178
13017,"Ben Hill, GA",481439
13019,"Berrien, GA",509022
13021,"Bibb, GA",5449826
13023,"Bleckley, GA",385817
13025,"Brantley, GA",414298
13027,"Brooks, GA",492905
13029,"Bryan, GA",1408124
13031,"Bulloch, GA",1928961
13033,"Burke, GA",697912
13035,"Butts, GA",624700
13037,"Calhoun, GA",148434
13039,"Camden, GA",1566605
13043,"Candler, GA",289367
13045,"Carroll, GA",3440747
13047,"Catoosa, GA",1894320
13049,"Charlton, GA",276438
13051,"Chatham, GA",10993598
13053,"Chattahoochee, GA",394913
13055,"Chattooga, GA",637843
13057,"Cherokee, GA",8503208
13059,"Clarke, GA",3206781
13061,"Clay, GA",83741
13063,"Clayton, GA",6787638
13065,"Clinch, GA",195631
13067,"Cobb, GA",30851250
13069,"Coffee, GA",1121828
13071,"Colquitt, GA",1258963
13073,"Columbia, GA",5475077
13075,"Cook, GA",465082
13077,"Coweta, GA",4622287
13079,"Crawford, GA",375376
13081,"Crisp, GA",616410
13083,"Dade, GA",443162
13085,"Dawson, GA",758301
13087,"Decatur, GA",871195
13089,"DeKalb, GA",27605039
13091,"Dodge, GA",570541
13093,"Dooly, GA",323276
13095,"Dougherty, GA",2962357
13097,"Douglas, GA",4047390
13099,"Early, GA",352241
13101,"Echols, GA",87658
13103,"Effingham, GA",1796969
13105,"Elbert, GA",552835
13107,"Emanuel, GA",625417
13109,"Evans, GA",298981
13111,"Fannin, GA",634591
13113,"Fayette, GA",5141541
13115,"Floyd, GA",3000248
13117,"Forsyth, GA",9041242
13119,"Franklin, GA",605425
13121,"Fulton, GA",60273848
13123,"Gilmer, GA",739235
13125,"Glascock, GA",82430
13127,"Glynn, GA",2998493
13129,"Gordon, GA",1516873
13131,"Grady, GA",728683
13133,"Greene, GA",647901
13135,"Gwinnett, GA",28000777
13137,"Habersham, GA",1164157
13139,"Hall, GA",6022774
13141,"Hancock, GA",211505
13143,"Haralson, GA",818966
13145,"Harris, GA",1247525
13147,"Hart, GA",725039
13149,"Heard, GA",297920
13151,"Henry, GA",6702965
13153,"Houston, GA",5351182
13155,"Irwin, GA",284601
13157,"Jackson, GA",1861064
13159,"Jasper, GA",383786
13161,"Jeff Davis, GA",400025
13163,"Jefferson, GA",464210
13165,"Jenkins, GA",224004
13167,"Johnson, GA",214133
13169,"Jones, GA",894501
13171,"Lamar, GA",503985
13173,"Lanier, GA",239391
13175,"Laurens, GA",1474236
13177,"Lee, GA",1061640
13179,"Liberty, GA",2047252
13181,"Lincoln, GA",233066
13183,"Long, GA",392705
13185,"Lowndes, GA",3453643
13187,"Lumpkin, GA",883044
13189,"McDuffie, GA",655926
13191,"McIntosh, GA",344266
13193,"Macon, GA",335451
13195,"Madison, GA",796145
13197,"Marion, GA",190056
13199,"Meriwether, GA",622928
13201,"Miller, GA",208560
13205,"Mitchell, GA",643953
13207,"Monroe, GA",957847
13209,"Montgomery, GA",229189
13211,"Morgan, GA",636985
13213,"Murray, GA",946816
13215,"Muscogee, GA",7201374
13217,"Newton, GA",2806782
13219,"Oconee, GA",1550900
13221,"Oglethorpe, GA",421009
13223,"Paulding, GA",4270705
13225,"Peach, GA",850071
13227,"Pickens, GA",1096649
13229,"Pierce, GA",554792
13231,"Pike, GA",546958
13233,"Polk, GA",1097293
13235,"Pulaski, GA",298153
13237,"Putnam, GA",689844
13239,"Quitman, GA",59151
13241,"Rabun, GA",498039
13243,"Randolph, GA",206055
13245,"Richmond, GA",6456891
13247,"Rockdale, GA",2675054
13249,"Schley, GA",128050
13251,"Screven, GA",398218
13253,"Seminole, GA",315748
13255,"Spalding, GA",1890990
13257,"Stephens, GA",759434
13259,"Stewart, GA",125340
13261,"Sumter, GA",954736
13263,"Talbot, GA",183758
13265,"Taliaferro, GA",43402
13267,"Tattnall, GA",609426
13269,"Taylor, GA",212593
13271,"Telfair, GA",297343
13273,"Terrell, GA",319854
13275,"Thomas, GA",1593023
13277,"Tift, GA",1265065
13279,"Toombs, GA",829330
13281,"Towns, GA",324500
13283,"Treutlen, GA",175301
13285,"Troup, GA",2140609
13287,"Turner, GA",261960
13289,"Twiggs, GA",258233
13291,"Union, GA",636609
13293,"Upson, GA",782947
13295,"Walker, GA",1857989
13297,"Walton, GA",2621612
13299,"Ware, GA",1014064
13301,"Warren, GA",154209
13303,"Washington, GA",598793
13305,"Wayne, GA",863065
13307,"Webster, GA",74227
13309,"Wheeler, GA",129049
13311,"White, GA",739824
13313,"Whitfield, GA",2855502
13315,"Wilcox, GA",216569
13317,"Wilkes, GA",304689
13319,"Wilkinson, GA",271214
13321,"Worth, GA",653736
15001,"Hawaii, HI",5996319
15003,"Honolulu, HI",45036398
15007,"Kauai, HI",2440873
15901,"Maui + Kalawao, HI*",5752810
16001,"Ada, ID",15956814
16003,"Adams, ID",115100
16005,"Bannock, ID",2506401
16007,"Bear Lake, ID",179203
16009,"Benewah, ID",269932
16011,"Bingham, ID",1388915
16013,"Blaine, ID",1419423
16015,"Boise, ID",224283
16017,"Bonner, ID",1306800
16019,"Bonneville, ID",3716186
16021,"Boundary, ID",314880
16023,"Butte, ID",90498
16025,"Camas, ID",33703
16027,"Canyon, ID",4932266
16029,"Caribou, ID",230005
16031,"Cassia, ID",794310
16033,"Clark, ID",32215
16035,"Clearwater, ID",258106
16037,"Custer, ID",155638
16039,"Elmore, ID",790636
16041,"Franklin, ID",345405
16043,"Fremont (includes Yellowstone Park), ID",364165
16045,"Gem, ID",466849
16047,"Gooding, ID",668243
16049,"Idaho, ID",440960
16051,"Jefferson, ID",781326
16053,"Jerome, ID",698066
16055,"Kootenai, ID",4770239
16057,"Latah, ID",1253882
16059,"Lemhi, ID",249447
16061,"Lewis, ID",173118
16063,"Lincoln, ID",175119
16065,"Madison, ID",740725
16067,"Minidoka, ID",653884
16069,"Nez Perce, ID",1393165
16071,"Oneida, ID",122175
16073,"Owyhee, ID",321851
16075,"Payette, ID",719434
16077,"Power, ID",263070
16079,"Shoshone, ID",397444
16081,"Teton, ID",269911
16083,"Twin Falls, ID",2442091
16085,"Valley, ID",341307
16087,"Washington, ID",309356
17001,"Adams, IL",2530271
17003,"Alexander, IL",209350
17005,"Bond, IL",543559
17007,"Boone, IL",2022018
17009,"Brown, IL",178906
17011,"Bureau, IL",1291171
17013,"Calhoun, IL",179302
17015,"Carroll, IL",605033
17017,"Cass, IL",477920
17019,"Champaign, IL",7944580
17021,"Christian, IL",1284169
17023,"Clark, IL",586747
17025,"Clay, IL",465773
17027,"Clinton, IL",1473379
17029,"Coles, IL",1823981
17031,"Cook, IL",238628758
17033,"Crawford, IL",790859
17035,"Cumberland, IL",394157
17037,"DeKalb, IL",3538709
17039,"De Witt, IL",677954
17041,"Douglas, IL",835612
17043,"DuPage, IL",51869127
17045,"Edgar, IL",642612
17047,"Edwards, IL",229557
17049,"Effingham, IL",1402357
17051,"Fayette, IL",685021
17053,"Ford, IL",623306
17055,"Franklin, IL",1301954
17057,"Fulton, IL",1201179
17059,"Gallatin, IL",207871
17061,"Greene, IL",461808
17063,"Grundy, IL",2691671
17065,"Hamilton, IL",296061
17067,"Hancock, IL",707590
17069,"Hardin, IL",129719
17071,"Henderson, IL",260356
17073,"Henry, IL",1983660
17075,"Iroquois, IL",1128424
17077,"Jackson, IL",1925772
17079,"Jasper, IL",374636
17081,"Jefferson, IL",1278456
17083,"Jersey, IL",803923
17085,"Jo Daviess, IL",900686
17087,"Johnson, IL",356769
17089,"Kane, IL",21491345
17091,"Kankakee, IL",3829690
17093,"Kendall, IL",4772375
17095,"Knox, IL",1863228
17097,"Lake, IL",42825027
17099,"LaSalle, IL",4212040
17101,"Lawrence, IL",571407
17103,"Lee, IL",1298416
17105,"Livingston, IL",1457274
17107,"Logan, IL",990309
17109,"McDonough, IL",1088861
17111,"McHenry, IL",13779813
17113,"McLean, IL",7227139
17115,"Macon, IL",4568326
17117,"Macoupin, IL",1641447
17119,"Madison, IL",10176223
17121,"Marion, IL",1370338
17123,"Marshall, IL",477648
17125,"Mason, IL",542383
17127,"Massac, IL",487404
17129,"Menard, IL",501869
17131,"Mercer, IL",657911
17133,"Monroe, IL",1532271
17135,"Montgomery, IL",951292
17137,"Morgan, IL",1256605
17139,"Moultrie, IL",756877
17141,"Ogle, IL",2033101
17143,"Peoria, IL",8520102
17145,"Perry, IL",700968
17147,"Piatt, IL",764536
17149,"Pike, IL",551315
17151,"Pope, IL",119588
17153,"Pulaski, IL",196183
17155,"Putnam, IL",278617
17157,"Randolph, IL",1045385
17159,"Richland, IL",579501
17161,"Rock Island, IL",5709388
17163,"St. Clair, IL",10138422
17165,"Saline, IL",855353
17167,"Sangamon, IL",8061757
17169,"Schuyler, IL",276530
17171,"Scott, IL",189195
17173,"Shelby, IL",782741
17175,"Stark, IL",226579
17177,"Stephenson, IL",1693134
17179,"Tazewell, IL",5497807
17181,"Union, IL",616850
17183,"Vermilion, IL",2754570
17185,"Wabash, IL",445939
17187,"Warren, IL",625553
17189,"Washington, IL",726458
17191,"Wayne, IL",620234
17193,"White, IL",614111
17195,"Whiteside, IL",2209115
17197,"Will, IL",28681444
17199,"Williamson, IL",2509880
17201,"Winnebago, IL",10207416
17203,"Woodford, IL",1726335
18001,"Adams, IN",1078250
18003,"Allen, IN",13205908
18005,"Bartholomew, IN",3168991
18007,"Benton, IN",344887
18009,"Blackford, IN",401000
18011,"Boone, IN",3243036
18013,"Brown, IN",557445
18015,"Carroll, IN",720098
18017,"Cass, IN",1225221
18019,"Clark, IN",4018802
18021,"Clay, IN",841634
18023,"Clinton, IN",1058190
18025,"Crawford, IN",291286
18027,"Daviess, IN",1088924
18029,"Dearborn, IN",1867663
18031,"Decatur, IN",894751
18033,"DeKalb, IN",1481754
18035,"Delaware, IN",3469715
18037,"Dubois, IN",1869851
18039,"Elkhart, IN",6424889
18041,"Fayette, IN",760851
18043,"Floyd, IN",3086656
18045,"Fountain, IN",580701
18047,"Franklin, IN",897643
18049,"Fulton, IN",706660
18051,"Gibson, IN",1192229
18053,"Grant, IN",2213974
18055,"Greene, IN",1077551
18057,"Hamilton, IN",16448092
18059,"Hancock, IN",2855032
18061,"Harrison, IN",1361766
18063,"Hendricks, IN",5923971
18065,"Henry, IN",1499424
18067,"Howard, IN",2733026
18069,"Huntington, IN",1265422
18071,"Jackson, IN",1540430
18073,"Jasper, IN",1230954
18075,"Jay, IN",685782
18077,"Jefferson, IN",1117931
18079,"Jennings, IN",849391
18081,"Johnson, IN",5554004
18083,"Knox, IN",1382634
18085,"Kosciusko, IN",2854293
18087,"Lagrange, IN",1075606
18089,"Lake, IN",17723090
18091,"LaPorte, IN",3799757
18093,"Lawrence, IN",1489867
18095,"Madison, IN",3936184
18097,"Marion, IN",40686416
18099,"Marshall, IN",1565344
18101,"Martin, IN",355702
18103,"Miami, IN",1002354
18105,"Monroe, IN",4572452
18107,"Montgomery, IN",1321861
18109,"Morgan, IN",2525236
18111,"Newton, IN",487388
18113,"Noble, IN",1471410
18115,"Ohio, IN",234048
18117,"Orange, IN",599840
18119,"Owen, IN",664223
18121,"Parke, IN",501094
18123,"Perry, IN",585189
18125,"Pike, IN",406754
18127,"Porter, IN",6975889
18129,"Posey, IN",1070846
18131,"Pulaski, IN",486174
18133,"Putnam, IN",1121444
18135,"Randolph, IN",840208
18137,"Ripley, IN",1007712
18139,"Rush, IN",609176
18141,"St. Joseph, IN",9846151
18143,"Scott, IN",697830
18145,"Shelby, IN",1557802
18147,"Spencer, IN",742142
18149,"Starke, IN",667153
18151,"Steuben, IN",1141293
18153,"Sullivan, IN",636212
18155,"Switzerland, IN",270262
18157,"Tippecanoe, IN",5643486
18159,"Tipton, IN",563561
18161,"Union, IN",225813
18163,"Vanderburgh, IN",7359057
18165,"Vermillion, IN",527085
18167,"Vigo, IN",3480777
18169,"Wabash, IN",1090738
18171,"Warren, IN",325786
18173,"Warrick, IN",2660521
18175,"Washington, IN",848745
18177,"Wayne, IN",2235542
18179,"Wells, IN",963354
18181,"White, IN",882430
18183,"Whitley, IN",1179482
19001,"Adair, IA",305853
19003,"Adams, IA",188544
19005,"Allamakee, IA",539268
19007,"Appanoose, IA",400452
19009,"Audubon, IA",289954
19011,"Benton, IA",1114199
19013,"Black Hawk, IA",4885140
19015,"Boone, IA",1114482
19017,"Bremer, IA",1012228
19019,"Buchanan, IA",870452
19021,"Buena Vista, IA",851608
19023,"Butler, IA",654100
19025,"Calhoun, IA",460455
19027,"Carroll, IA",942399
19029,"Cass, IA",533208
19031,"Cedar, IA",817571
19033,"Cerro Gordo, IA",1819106
19035,"Cherokee, IA",529538
19037,"Chickasaw, IA",542423
19039,"Clarke, IA",303621
19041,"Clay, IA",731185
19043,"Clayton, IA",724324
19045,"Clinton, IA",1850663
19047,"Crawford, IA",673865
19049,"Dallas, IA",3595313
19051,"Davis, IA",273966
19053,"Decatur, IA",231463
19055,"Delaware, IA",704979
19057,"Des Moines, IA",1537598
19059,"Dickinson, IA",794909
19061,"Dubuque, IA",3707324
19063,"Emmet, IA",393562
19065,"Fayette, IA",781290
19067,"Floyd, IA",609534
19069,"Franklin, IA",499657
19071,"Fremont, IA",288949
19073,"Greene, IA",428947
19075,"Grundy, IA",581987
19077,"Guthrie, IA",481356
19079,"Hamilton, IA",705239
19081,"Hancock, IA",501795
19083,"Hardin, IA",801527
19085,"Harrison, IA",581660
19087,"Henry, IA",686756
19089,"Howard, IA",402178
19091,"Humboldt, IA",426325
19093,"Ida, IA",316191
19095,"Iowa, IA",706751
19097,"Jackson, IA",736746
19099,"Jasper, IA",1349207
19101,"Jefferson, IA",580030
19103,"Johnson, IA",5779866
19105,"Jones, IA",756712
19107,"Keokuk, IA",403222
19109,"Kossuth, IA",734108
19111,"Lee, IA",1183331
19113,"Linn, IA",9298930
19115,"Louisa, IA",388557
19117,"Lucas, IA",299323
19119,"Lyon, IA",560687
19121,"Madison, IA",625063
19123,"Mahaska, IA",797258
19125,"Marion, IA",1256515
19127,"Marshall, IA",1471680
19129,"Mills, IA",697308
19131,"Mitchell, IA",475878
19133,"Monona, IA",370157
19135,"Monroe, IA",278627
19137,"Montgomery, IA",381834
19139,"Muscatine, IA",1643912
19141,"O'Brien, IA",666292
19143,"Osceola, IA",300500
19145,"Page, IA",544289
19147,"Palo Alto, IA",430482
19149,"Plymouth, IA",1117837
19151,"Pocahontas, IA",344202
19153,"Polk, IA",18987637
19155,"Pottawattamie, IA",3355452
19157,"Poweshiek, IA",736769
19159,"Ringgold, IA",183877
19161,"Sac, IA",496025
19163,"Scott, IA",7782016
19165,"Shelby, IA",553706
19167,"Sioux, IA",1363693
19169,"Story, IA",3220461
19171,"Tama, IA",710112
19173,"Taylor, IA",236117
19175,"Union, IA",448776
19177,"Van Buren, IA",240210
19179,"Wapello, IA",1135256
19181,"Warren, IA",1868455
19183,"Washington, IA",956157
19185,"Wayne, IA",228800
19187,"Webster, IA",1433953
19189,"Winnebago, IA",412407
19191,"Winneshiek, IA",825475
19193,"Woodbury, IA",3745021
19195,"Worth, IA",303948
19197,"Wright, IA",609066
20001,"Allen, KS",457324
20003,"Anderson, KS",277984
20005,"Atchison, KS",543859
20007,"Barber, KS",215776
20009,"Barton, KS",1227514
20011,"Bourbon, KS",504284
20013,"Brown, KS",411100
20015,"Butler, KS",2574914
20017,"Chase, KS",113842
20019,"Chautauqua, KS",136389
20021,"Cherokee, KS",678228
20023,"Cheyenne, KS",139068
20025,"Clark, KS",100625
20027,"Clay, KS",342588
20029,"Cloud, KS",313426
20031,"Coffey, KS",420301
20033,"Comanche, KS",71636
20035,"Cowley, KS",1227366
20037,"Crawford, KS",1271151
20039,"Decatur, KS",134239
20041,"Dickinson, KS",753005
20043,"Doniphan, KS",268611
20045,"Douglas, KS",4003647
20047,"Edwards, KS",166555
20049,"Elk, KS",104524
20051,"Ellis, KS",1258993
20053,"Ellsworth, KS",226086
20055,"Finney, KS",1385008
20057,"Ford, KS",1130196
20059,"Franklin, KS",871867
20061,"Geary, KS",1596307
20063,"Gove, KS",200805
20065,"Graham, KS",138751
20067,"Grant, KS",335105
20069,"Gray, KS",369648
20071,"Greeley, KS",86252
20073,"Greenwood, KS",225583
20075,"Hamilton, KS",139743
20077,"Harper, KS",257360
20079,"Harvey, KS",1260259
20081,"Haskell, KS",323279
20083,"Hodgeman, KS",90574
20085,"Jackson, KS",476558
20087,"Jefferson, KS",693260
20089,"Jewell, KS",158804
20091,"Johnson, KS",30624366
20093,"Kearny, KS",198459
20095,"Kingman, KS",303494
20097,"Kiowa, KS",96260
20099,"Labette, KS",762297
20101,"Lane, KS",124924
20103,"Leavenworth, KS",2802376
20105,"Lincoln, KS",118987
20107,"Linn, KS",300495
20109,"Logan, KS",141795
20111,"Lyon, KS",1031548
20113,"McPherson, KS",1274519
20115,"Marion, KS",409428
20117,"Marshall, KS",434667
20119,"Meade, KS",244985
20121,"Miami, KS",1285349
20123,"Mitchell, KS",292985
20125,"Montgomery, KS",1156435
20127,"Morris, KS",209213
20129,"Morton, KS",126160
20131,"Nemaha, KS",475140
20133,"Neosho, KS",536360
20135,"Ness, KS",143937
20137,"Norton, KS",224253
20139,"Osage, KS",552263
20141,"Osborne, KS",177599
20143,"Ottawa, KS",222033
20145,"Pawnee, KS",259825
20147,"Phillips, KS",269675
20149,"Pottawatomie, KS",1051070
20151,"Pratt, KS",433406
20153,"Rawlins, KS",142480
20155,"Reno, KS",2226836
20157,"Republic, KS",221494
20159,"Rice, KS",383255
20161,"Riley, KS",2880088
20163,"Rooks, KS",216909
20165,"Rush, KS",134356
20167,"Russell, KS",359846
20169,"Saline, KS",2197378
20171,"Scott, KS",298801
20173,"Sedgwick, KS",22569958
20175,"Seward, KS",770225
20177,"Shawnee, KS",7018986
20179,"Sheridan, KS",149737
20181,"Sherman, KS",271545
20183,"Smith, KS",176207
20185,"Stafford, KS",255318
20187,"Stanton, KS",155925
20189,"Stevens, KS",242870
20191,"Sumner, KS",833053
20193,"Thomas, KS",373683
20195,"Trego, KS",121276
20197,"Wabaunsee, KS",289774
20199,"Wallace, KS",84530
20201,"Washington, KS",255036
20203,"Wichita, KS",159375
20205,"Wilson, KS",326015
20207,"Woodson, KS",110711
20209,"Wyandotte, KS",6006547
21001,"Adair, KY",486263
21003,"Allen, KY",518875
21005,"Anderson, KY",721083
21007,"Ballard, KY",279750
21009,"Barren, KY",1271904
21011,"Bath, KY",305980
21013,"Bell, KY",733737
21015,"Boone, KY",4799781
21017,"Bourbon, KY",670084
21019,"Boyd, KY",1661119
21021,"Boyle, KY",909785
21023,"Bracken, KY",256974
21025,"Breathitt, KY",384256
21027,"Breckinridge, KY",570122
21029,"Bullitt, KY",2508885
21031,"Butler, KY",366510
21033,"Caldwell, KY",381679
21035,"Calloway, KY",1186659
21037,"Campbell, KY",3469852
21039,"Carlisle, KY",200760
21041,"Carroll, KY",344215
21043,"Carter, KY",735766
21045,"Casey, KY",394641
21047,"Christian, KY",2642860
21049,"Clark, KY",1214630
21051,"Clay, KY",537298
21053,"Clinton, KY",268170
21055,"Crittenden, KY",279473
21057,"Cumberland, KY",179173
21059,"Daviess, KY",3529664
21061,"Edmonson, KY",319977
21063,"Elliott, KY",150758
21065,"Estill, KY",392832
21067,"Fayette, KY",12331793
21069,"Fleming, KY",391084
21071,"Floyd, KY",1245475
21073,"Franklin, KY",1771370
21075,"Fulton, KY",205227
21077,"Gallatin, KY",224159
21079,"Garrard, KY",471902
21081,"Grant, KY",739233
21083,"Graves, KY",1196427
21085,"Grayson, KY",709261
21087,"Green, KY",318006
21089,"Greenup, KY",1252421
21091,"Hancock, KY",287332
21093,"Hardin, KY",3982209
21095,"Harlan, KY",822396
21097,"Harrison, KY",548766
21099,"Hart, KY",484483
21101,"Henderson, KY",1571811
21103,"Henry, KY",498972
21105,"Hickman, KY",167089
21107,"Hopkins, KY",1550000
21109,"Jackson, KY",315622
21111,"Jefferson, KY",30369372
21113,"Jessamine, KY",1697925
21115,"Johnson, KY",712632
21117,"Kenton, KY",6878805
21119,"Knott, KY",461134
21121,"Knox, KY",804789
21123,"Larue, KY",414623
21125,"Laurel, KY",1726070
21127,"Lawrence, KY",455172
21129,"Lee, KY",185646
21131,"Leslie, KY",339209
21133,"Letcher, KY",724748
21135,"Lewis, KY",345310
21137,"Lincoln, KY",650802
21139,"Livingston, KY",305638
21141,"Logan, KY",813898
21143,"Lyon, KY",230727
21145,"McCracken, KY",2607065
21147,"McCreary, KY",374935
21149,"McLean, KY",333072
21151,"Madison, KY",2563451
21153,"Magoffin, KY",332972
21155,"Marion, KY",544502
21157,"Marshall, KY",1078145
21159,"Martin, KY",335221
21161,"Mason, KY",572008
21163,"Meade, KY",919661
21165,"Menifee, KY",159376
21167,"Mercer, KY",661569
21169,"Metcalfe, KY",254637
21171,"Monroe, KY",301722
21173,"Montgomery, KY",775954
21175,"Morgan, KY",312081
21177,"Muhlenberg, KY",946763
21179,"Nelson, KY",1471139
21181,"Nicholas, KY",210901
21183,"Ohio, KY",672280
21185,"Oldham, KY",3018139
21187,"Owen, KY",332453
21189,"Owsley, KY",117680
21191,"Pendleton, KY",489058
21193,"Perry, KY",959339
21195,"Pike, KY",2110818
21197,"Powell, KY",319304
21199,"Pulaski, KY",1928636
21201,"Robertson, KY",59778
21203,"Rockcastle, KY",436159
21205,"Rowan, KY",637355
21207,"Russell, KY",527286
21209,"Scott, KY",1705066
21211,"Shelby, KY",1567543
21213,"Simpson, KY",535883
21215,"Spencer, KY",623196
21217,"Taylor, KY",716548
21219,"Todd, KY",440261
21221,"Trigg, KY",491423
21223,"Trimble, KY",266121
21225,"Union, KY",488218
21227,"Warren, KY",3792793
21229,"Washington, KY",356825
21231,"Wayne, KY",494872
21233,"Webster, KY",447626
21235,"Whitley, KY",1024778
21237,"Wolfe, KY",173995
21239,"Woodford, KY",1016236
22001,"Acadia, LA",2075728
22003,"Allen, LA",702390
22005,"Ascension, LA",4626536
22007,"Assumption, LA",849592
22009,"Avoyelles, LA",1380856
22011,"Beauregard, LA",1355176
22013,"Bienville, LA",463085
22015,"Bossier, LA",4775243
22017,"Caddo, LA",10691330
22019,"Calcasieu, LA",7028301
22021,"Caldwell, LA",301221
22023,"Cameron, LA",241561
22025,"Catahoula, LA",318903
22027,"Claiborne, LA",512429
22029,"Concordia, LA",676970
22031,"De Soto, LA",997457
22033,"East Baton Rouge, LA",18830696
22035,"East Carroll, LA",248412
22037,"East Feliciana, LA",705965
22039,"Evangeline, LA",1040544
22041,"Franklin, LA",599823
22043,"Grant, LA",610952
22045,"Iberia, LA",2761640
22047,"Iberville, LA",1157182
22049,"Jackson, LA",501154
22051,"Jefferson, LA",18727049
22053,"Jefferson Davis, LA",1046509
22055,"Lafayette, LA",10200210
22057,"Lafourche, LA",3943374
22059,"LaSalle, LA",448793
22061,"Lincoln, LA",1515802
22063,"Livingston, LA",4654355
22065,"Madison, LA",337650
22067,"Morehouse, LA",884064
22069,"Natchitoches, LA",1277081
22071,"Orleans, LA",15147746
22073,"Ouachita, LA",5358064
22075,"Plaquemines, LA",971007
22077,"Pointe Coupee, LA",866416
22079,"Rapides, LA",5058104
22081,"Red River, LA",288692
22083,"Richland, LA",647358
22085,"Sabine, LA",740815
22087,"St. Bernard, LA",1160794
22089,"St. Charles, LA",2260009
22091,"St. Helena, LA",396066
22093,"St. James, LA",875346
22095,"St. John the Baptist, LA",1629811
22097,"St. Landry, LA",2925897
22099,"St. Martin, LA",1805446
22101,"St. Mary, LA",1980245
22103,"St. Tammany, LA",11126157
22105,"Tangipahoa, LA",4191829
22107,"Tensas, LA",190806
22109,"Terrebonne, LA",4385488
22111,"Union, LA",702887
22113,"Vermilion, LA",2093743
22115,"Vernon, LA",1988846
22117,"Washington, LA",1430310
22119,"Webster, LA",1409748
22121,"West Baton Rouge, LA",985248
22123,"West Carroll, LA",314220
22125,"West Feliciana, LA",468375
22127,"Winn, LA",463410
23001,"Androscoggin, ME",3767576
23003,"Aroostook, ME",2405554
23005,"Cumberland, ME",13704266
23007,"Franklin, ME",1034498
23009,"Hancock, ME",2245335
23011,"Kennebec, ME",4669002
23013,"Knox, ME",1596035
23015,"Lincoln, ME",1436794
23017,"Oxford, ME",1879610
23019,"Penobscot, ME",5327886
23021,"Piscataquis, ME",569019
23023,"Sagadahoc, ME",1459027
23025,"Somerset, ME",1750196
23027,"Waldo, ME",1324551
23029,"Washington, ME",1082608
23031,"York, ME",8287830
24001,"Allegany, MD",2385755
24003,"Anne Arundel, MD",30430207
24005,"Baltimore, MD",40414670
24009,"Calvert, MD",4666849
24011,"Caroline, MD",1191775
24013,"Carroll, MD",8380897
24015,"Cecil, MD",3991164
24017,"Charles, MD",7431198
24019,"Dorchester, MD",1226712
24021,"Frederick, MD",12089880
24023,"Garrett, MD",1048663
24025,"Harford, MD",11916657
24027,"Howard, MD",19947749
24029,"Kent, MD",944264
24031,"Montgomery, MD",74248342
24033,"Prince George's, MD",36849237
24035,"Queen Anne's, MD",2473575
24037,"St. Mary's, MD",5273037
24039,"Somerset, MD",685624
24041,"Talbot, MD",2224448
24043,"Washington, MD",5659459
24045,"Wicomico, MD",3463889
24047,"Worcester, MD",2332138
24510,"Baltimore (Independent City), MD",23993905
25001,"Barnstable, MA",11589425
25003,"Berkshire, MA",5651268
25005,"Bristol, MA",23102635
25007,"Dukes, MA",1071401
25009,"Essex, MA",40165962
25011,"Franklin, MA",3051452
25013,"Hampden, MA",19014114
25015,"Hampshire, MA",6559991
25017,"Middlesex, MA",96951646
25019,"Nantucket, MA",800311
25021,"Norfolk, MA",46485111
25023,"Plymouth, MA",25189043
25025,"Suffolk, MA",46726006
25027,"Worcester, MA",36717963
26001,"Alcona, MI",322502
26003,"Alger, MI",249406
26005,"Allegan, MI",4024917
26007,"Alpena, MI",980392
26009,"Antrim, MI",802686
26011,"Arenac, MI",464235
26013,"Baraga, MI",241134
26015,"Barry, MI",2098355
26017,"Bay, MI",3742971
26019,"Benzie, MI",578007
26021,"Berrien, MI",5914552
26023,"Branch, MI",1315255
26025,"Calhoun, MI",4459148
26027,"Cass, MI",1797824
26029,"Charlevoix, MI",1047923
26031,"Cheboygan, MI",790538
26033,"Chippewa, MI",1100285
26035,"Clare, MI",864741
26037,"Clinton, MI",2806009
26039,"Crawford, MI",377958
26041,"Delta, MI",1223229
26043,"Dickinson, MI",998714
26045,"Eaton, MI",3707459
26047,"Emmet, MI",1385186
26049,"Genesee, MI",13551613
26051,"Gladwin, MI",746792
26053,"Gogebic, MI",490954
26055,"Grand Traverse, MI",3334133
26057,"Gratiot, MI",1317135
26059,"Hillsdale, MI",1369739
26061,"Houghton, MI",1094931
26063,"Huron, MI",1298781
26065,"Ingham, MI",9586884
26067,"Ionia, MI",1794057
26069,"Iosco, MI",747837
26071,"Iron, MI",396925
26073,"Isabella, MI",1994737
26075,"Jackson, MI",5050301
26077,"Kalamazoo, MI",9771583
26079,"Kalkaska, MI",484830
26081,"Kent, MI",25946961
26083,"Keweenaw, MI",80367
26085,"Lake, MI",308980
26087,"Lapeer, MI",2935367
26089,"Leelanau, MI",961100
26091,"Lenawee, MI",3203604
26093,"Livingston, MI",7927701
26095,"Luce, MI",166510
26097,"Mackinac, MI",377367
26099,"Macomb, MI",31133348
26101,"Manistee, MI",794552
26103,"Marquette, MI",2226449
26105,"Mason, MI",941411
26107,"Mecosta, MI",1181242
26109,"Menominee, MI",829289
26111,"Midland, MI",3837110
26113,"Missaukee, MI",435771
26115,"Monroe, MI",5545777
26117,"Montcalm, MI",1757806
26119,"Montmorency, MI",275871
26121,"Muskegon, MI",5250621
26123,"Newaygo, MI",1425443
26125,"Oakland, MI",66179829
26127,"Oceana, MI",798999
26129,"Ogemaw, MI",596894
26131,"Ontonagon, MI",204009
26133,"Osceola, MI",671286
26135,"Oscoda, MI",245040
26137,"Otsego, MI",815813
26139,"Ottawa, MI",9895741
26141,"Presque Isle, MI",409031
26143,"Roscommon, MI",728293
26145,"Saginaw, MI",6345941
26147,"St. Clair, MI",5579686
26149,"St. Joseph, MI",1876430
26151,"Sanilac, MI",1322460
26153,"Schoolcraft, MI",266761
26155,"Shiawassee, MI",2217076
26157,"Tuscola, MI",1680000
26159,"Van Buren, MI",2590643
26161,"Washtenaw, MI",15810708
26163,"Wayne, MI",61867472
26165,"Wexford, MI",984826
27001,"Aitkin, MN",496117
27003,"Anoka, MN",13613178
27005,"Becker, MN",1228605
27007,"Beltrami, MN",1442111
27009,"Benton, MN",1360074
27011,"Big Stone, MN",214244
27013,"Blue Earth, MN",2346984
27015,"Brown, MN",1089444
27017,"Carlton, MN",1209911
27019,"Carver, MN",5162088
27021,"Cass, MN",1031507
27023,"Chippewa, MN",526410
27025,"Chisago, MN",2053931
27027,"Clay, MN",2126402
27029,"Clearwater, MN",284800
27031,"Cook, MN",224030
27033,"Cottonwood, MN",477181
27035,"Crow Wing, MN",2200510
27037,"Dakota, MN",19441709
27039,"Dodge, MN",827300
27041,"Douglas, MN",1642477
27043,"Faribault, MN",599927
27045,"Fillmore, MN",813187
27047,"Freeborn, MN",1172824
27049,"Goodhue, MN",1954716
27051,"Grant, MN",244562
27053,"Hennepin, MN",67154766
27055,"Houston, MN",768402
27057,"Hubbard, MN",661179
27059,"Isanti, MN",1362633
27061,"Itasca, MN",1529640
27063,"Jackson, MN",470629
27065,"Kanabec, MN",513858
27067,"Kandiyohi, MN",1775196
27069,"Kittson, MN",191123
27071,"Koochiching, MN",468855
27073,"Lac qui Parle, MN",334585
27075,"Lake, MN",414942
27077,"Lake of the Woods, MN",152814
27079,"Le Sueur, MN",1059639
27081,"Lincoln, MN",240743
27083,"Lyon, MN",1046747
27085,"McLeod, MN",1395164
27087,"Mahnomen, MN",164680
27089,"Marshall, MN",405669
27091,"Martin, MN",889326
27093,"Meeker, MN",817055
27095,"Mille Lacs, MN",855829
27097,"Morrison, MN",1144128
27099,"Mower, MN",1553977
27101,"Murray, MN",428710
27103,"Nicollet, MN",1305382
27105,"Nobles, MN",861268
27107,"Norman, MN",259874
27109,"Olmsted, MN",6700499
27111,"Otter Tail, MN",2175443
27113,"Pennington, MN",589847
27115,"Pine, MN",874050
27117,"Pipestone, MN",433182
27119,"Polk, MN",1237580
27121,"Pope, MN",425983
27123,"Ramsey, MN",22371542
27125,"Red Lake, MN",157742
27127,"Redwood, MN",705318
27129,"Renville, MN",668066
27131,"Rice, MN",2274974
27133,"Rock, MN",432602
27135,"Roseau, MN",624900
27137,"St. Louis, MN",8006183
27139,"Scott, MN",6315528
27141,"Sherburne, MN",3361790
27143,"Sibley, MN",606374
27145,"Stearns, MN",5655580
27147,"Steele, MN",1413319
27149,"Stevens, MN",444591
27151,"Swift, MN",400230
27153,"Todd, MN",840098
27155,"Traverse, MN",153073
27157,"Wabasha, MN",853728
27159,"Wadena, MN",428088
27161,"Waseca, MN",769054
27163,"Washington, MN",12444106
27165,"Watonwan, MN",434119
27167,"Wilkin, MN",309445
27169,"Winona, MN",1979862
27171,"Wright, MN",5027247
27173,"Yellow Medicine, MN",474328
28001,"Adams, MS",999689
28003,"Alcorn, MS",1083445
28005,"Amite, MS",344835
28007,"Attala, MS",592502
28009,"Benton, MS",212928
28011,"Bolivar, MS",1056219
28013,"Calhoun, MS",415516
28015,"Carroll, MS",319203
28017,"Chickasaw, MS",517973
28019,"Choctaw, MS",220892
28021,"Claiborne, MS",272126
28023,"Clarke, MS",517208
28025,"Clay, MS",652482
28027,"Coahoma, MS",810487
28029,"Copiah, MS",852718
28031,"Covington, MS",545689
28033,"DeSoto, MS",5572685
28035,"Forrest, MS",2482362
28037,"Franklin, MS",233836
28039,"George, MS",663408
28041,"Greene, MS",343764
28043,"Grenada, MS",684798
28045,"Hancock, MS",1429082
28047,"Harrison, MS",6583259
28049,"Hinds, MS",9170935
28051,"Holmes, MS",494127
28053,"Humphreys, MS",276058
28055,"Issaquena, MS",34004
28057,"Itawamba, MS",681723
28059,"Jackson, MS",4911618
28061,"Jasper, MS",490288
28063,"Jefferson, MS",215152
28065,"Jefferson Davis, MS",309494
28067,"Jones, MS",2275145
28069,"Kemper, MS",246982
28071,"Lafayette, MS",1597996
28073,"Lamar, MS",1886778
28075,"Lauderdale, MS",2573006
28077,"Lawrence, MS",355124
28079,"Leake, MS",545676
28081,"Lee, MS",2860111
28083,"Leflore, MS",983075
28085,"Lincoln, MS",1120792
28087,"Lowndes, MS",2003198
28089,"Madison, MS",5026123
28091,"Marion, MS",696026
28093,"Marshall, MS",987897
28095,"Monroe, MS",1069699
28097,"Montgomery, MS",309147
28099,"Neshoba, MS",962962
28101,"Newton, MS",621764
28103,"Noxubee, MS",310005
28105,"Oktibbeha, MS",1399006
28107,"Panola, MS",975806
28109,"Pearl River, MS",1822305
28111,"Perry, MS",322943
28113,"Pike, MS",1111784
28115,"Pontotoc, MS",866432
28117,"Prentiss, MS",662535
28119,"Quitman, MS",219490
28121,"Rankin, MS",5569754
28123,"Scott, MS",720094
28125,"Sharkey, MS",144203
28127,"Simpson, MS",812592
28129,"Smith, MS",433432
28131,"Stone, MS",527071
28133,"Sunflower, MS",713057
28135,"Tallahatchie, MS",371087
28137,"Tate, MS",843822
28139,"Tippah, MS",621427
28141,"Tishomingo, MS",528825
28143,"Tunica, MS",306913
28145,"Union, MS",758670
28147,"Walthall, MS",385784
28149,"Warren, MS",1691624
28151,"Washington, MS",1575518
28153,"Wayne, MS",600476
28155,"Webster, MS",319135
28157,"Wilkinson, MS",253174
28159,"Winston, MS",527006
28161,"Yalobusha, MS",381610
28163,"Yazoo, MS",755858
29001,"Adair, MO",726585
29003,"Andrew, MO",641694
29005,"Atchison, MO",244790
29007,"Audrain, MO",857757
29009,"Barry, MO",1038827
29011,"Barton, MO",390592
29013,"Bates, MO",532904
29015,"Benton, MO",568627
29017,"Bollinger, MO",339421
29019,"Boone, MO",6459878
29021,"Buchanan, MO",2995437
29023,"Butler, MO",1371578
29025,"Caldwell, MO",281341
29027,"Callaway, MO",1423038
29029,"Camden, MO",1356941
29031,"Cape Girardeau, MO",2793020
29033,"Carroll, MO",350695
29035,"Carter, MO",175969
29037,"Cass, MO",3747171
29039,"Cedar, MO",372650
29041,"Chariton, MO",305497
29043,"Christian, MO",2496961
29045,"Clark, MO",214415
29047,"Clay, MO",8998564
29049,"Clinton, MO",730149
29051,"Cole, MO",2990448
29053,"Cooper, MO",550149
29055,"Crawford, MO",698174
29057,"Dade, MO",206079
29059,"Dallas, MO",434085
29061,"Daviess, MO",255925
29063,"DeKalb, MO",321102
29065,"Dent, MO",431091
29067,"Douglas, MO",308301
29069,"Dunklin, MO",1032317
29071,"Franklin, MO",3591991
29073,"Gasconade, MO",480228
29075,"Gentry, MO",251171
29077,"Greene, MO",9777781
29079,"Grundy, MO",317725
29081,"Harrison, MO",298415
29083,"Henry, MO",737793
29085,"Hickory, MO",212993
29087,"Holt, MO",177899
29089,"Howard, MO",333593
29091,"Howell, MO",1129161
29093,"Iron, MO",290362
29095,"Jackson, MO",26249710
29097,"Jasper, MO",3783959
29099,"Jefferson, MO",7569127
29101,"Johnson, MO",1612369
29103,"Knox, MO",115810
29105,"Laclede, MO",1020063
29107,"Lafayette, MO",1128534
29109,"Lawrence, MO",1054617
29111,"Lewis, MO",302007
29113,"Lincoln, MO",1674830
29115,"Linn, MO",417583
29117,"Livingston, MO",486548
29119,"McDonald, MO",532597
29121,"Macon, MO",523765
29123,"Madison, MO",366391
29125,"Maries, MO",253979
29127,"Marion, MO",992607
29129,"Mercer, MO",107001
29131,"Miller, MO",698855
29133,"Mississippi, MO",384699
29135,"Moniteau, MO",470408
29137,"Monroe, MO",300860
29139,"Montgomery, MO",372722
29141,"Morgan, MO",666214
29143,"New Madrid, MO",598801
29145,"Newton, MO",1944086
29147,"Nodaway, MO",643115
29149,"Oregon, MO",266446
29151,"Osage, MO",491615
29153,"Ozark, MO",245945
29155,"Pemiscot, MO",581431
29157,"Perry, MO",604126
29159,"Pettis, MO",1364852
29161,"Phelps, MO",1413702
29163,"Pike, MO",534502
29165,"Platte, MO",4276049
29167,"Polk, MO",827988
29169,"Pulaski, MO",2206269
29171,"Putnam, MO",147378
29173,"Ralls, MO",357168
29175,"Randolph, MO",779563
29177,"Ray, MO",776954
29179,"Reynolds, MO",178328
29181,"Ripley, MO",388489
29183,"St. Charles, MO",15610228
29185,"St. Clair, MO",249629
29186,"Ste. Genevieve, MO",602404
29187,"St. Francois, MO",1834531
29189,"St. Louis, MO",55134848
29195,"Saline, MO",864058
29197,"Schuyler, MO",124331
29199,"Scotland, MO",152192
29201,"Scott, MO",1351338
29203,"Shannon, MO",195817
29205,"Shelby, MO",225976
29207,"Stoddard, MO",1045988
29209,"Stone, MO",893543
29211,"Sullivan, MO",234345
29213,"Taney, MO",1612144
29215,"Texas, MO",625562
29217,"Vernon, MO",651288
29219,"Warren, MO",1080884
29221,"Washington, MO",623674
29223,"Wayne, MO",338397
29225,"Webster, MO",1019722
29227,"Worth, MO",65923
29229,"Wright, MO",485778
29510,"St. Louis (Independent City), MO",11882332
30001,"Beaverhead, MT",323991
30003,"Big Horn, MT",337364
30005,"Blaine, MT",184344
30007,"Broadwater, MT",191076
30009,"Carbon, MT",387087
30011,"Carter, MT",37898
30013,"Cascade, MT",3227297
30015,"Chouteau, MT",199811
30017,"Custer, MT",423989
30019,"Daniels, MT",75506
30021,"Dawson, MT",337951
30023,"Deer Lodge, MT",292730
30025,"Fallon, MT",140008
30027,"Fergus, MT",405733
30029,"Flathead, MT",3310390
30031,"Gallatin, MT",3700273
30033,"Garfield, MT",40750
30035,"Glacier, MT",417162
30037,"Golden Valley, MT",35527
30039,"Granite, MT",107762
30041,"Hill, MT",646226
30043,"Jefferson, MT",466016
30045,"Judith Basin, MT",75992
30047,"Lake, MT",857238
30049,"Lewis and Clark, MT",2661906
30051,"Liberty, MT",84666
30053,"Lincoln, MT",554894
30055,"McCone, MT",52805
30057,"Madison, MT",301258
30059,"Meagher, MT",74234
30061,"Mineral, MT",126714
30063,"Missoula, MT",4075649
30065,"Musselshell, MT",159385
30067,"Park, MT",602837
30069,"Petroleum, MT",17600
30071,"Phillips, MT",146548
30073,"Pondera, MT",252416
30075,"Powder River, MT",48234
30077,"Powell, MT",201682
30079,"Prairie, MT",39881
30081,"Ravalli, MT",1382132
30083,"Richland, MT",558194
30085,"Roosevelt, MT",321954
30087,"Rosebud, MT",333854
30089,"Sanders, MT",310601
30091,"Sheridan, MT",170953
30093,"Silver Bow, MT",1743240
30095,"Stillwater, MT",367810
30097,"Sweet Grass, MT",124839
30099,"Teton, MT",266153
30101,"Toole, MT",226028
30103,"Treasure, MT",32710
30105,"Valley, MT",276372
30107,"Wheatland, MT",68500
30109,"Wibaux, MT",36079
30111,"Yellowstone, MT",6240456
31001,"Adams, NE",1281522
31003,"Antelope, NE",356786
31005,"Arthur, NE",17552
31007,"Banner, NE",48024
31009,"Blaine, NE",25225
31011,"Boone, NE",325741
31013,"Box Butte, NE",473406
31015,"Boyd, NE",99907
31017,"Brown, NE",137714
31019,"Buffalo, NE",1987919
31021,"Burt, NE",298379
31023,"Butler, NE",375209
31025,"Cass, NE",1104113
31027,"Cedar, NE",453258
31029,"Chase, NE",182534
31031,"Cherry, NE",234375
31033,"Cheyenne, NE",456695
31035,"Clay, NE",315400
31037,"Colfax, NE",404598
31039,"Cuming, NE",558995
31041,"Custer, NE",491654
31043,"Dakota, NE",652232
31045,"Dawes, NE",288204
31047,"Dawson, NE",847727
31049,"Deuel, NE",78842
31051,"Dixon, NE",222542
31053,"Dodge, NE",1477983
31055,"Douglas, NE",28615030
31057,"Dundy, NE",131178
31059,"Fillmore, NE",342967
31061,"Franklin, NE",142170
31063,"Frontier, NE",138853
31065,"Furnas, NE",256806
31067,"Gage, NE",946006
31069,"Garden, NE",105243
31071,"Garfield, NE",86039
31073,"Gosper, NE",106382
31075,"Grant, NE",25722
31077,"Greeley, NE",101278
31079,"Hall, NE",2162713
31081,"Hamilton, NE",445542
31083,"Harlan, NE",172859
31085,"Hayes, NE",63870
31087,"Hitchcock, NE",121325
31089,"Holt, NE",512253
31091,"Hooker, NE",27133
31093,"Howard, NE",258111
31095,"Jefferson, NE",326624
31097,"Johnson, NE",176457
31099,"Kearney, NE",371219
31101,"Keith, NE",325771
31103,"Keya Paha, NE",42147
31105,"Kimball, NE",184680
31107,"Knox, NE",386581
31109,"Lancaster, NE",11689616
31111,"Lincoln, NE",1515736
31113,"Logan, NE",38634
31115,"Loup, NE",22233
31117,"McPherson, NE",22807
31119,"Madison, NE",1404429
31121,"Merrick, NE",346419
31123,"Morrill, NE",251329
31125,"Nance, NE",166755
31127,"Nemaha, NE",330588
31129,"Nuckolls, NE",209793
31131,"Otoe, NE",690904
31133,"Pawnee, NE",122239
31135,"Perkins, NE",185221
31137,"Phelps, NE",464727
31139,"Pierce, NE",335752
31141,"Platte, NE",1357784
31143,"Polk, NE",270756
31145,"Red Willow, NE",456125
31147,"Richardson, NE",362420
31149,"Rock, NE",78727
31151,"Saline, NE",547084
31153,"Sarpy, NE",6816673
31155,"Saunders, NE",888367
31157,"Scotts Bluff, NE",1350528
31159,"Seward, NE",709635
31161,"Sheridan, NE",225499
31163,"Sherman, NE",123172
31165,"Sioux, NE",68312
31167,"Stanton, NE",269846
31169,"Thayer, NE",274647
31171,"Thomas, NE",35148
31173,"Thurston, NE",310412
31175,"Valley, NE",181432
31177,"Washington, NE",948861
31179,"Wayne, NE",401203
31181,"Webster, NE",160568
31183,"Wheeler, NE",54711
31185,"York, NE",635558
32001,"Churchill, NV",876843
32003,"Clark, NV",72486084
32005,"Douglas, NV",2454533
32007,"Elko, NV",2109219
32009,"Esmeralda, NV",32421
32011,"Eureka, NV",75089
32013,"Humboldt, NV",724221
32015,"Lander, NV",283262
32017,"Lincoln, NV",154550
32019,"Lyon, NV",1536418
32021,"Mineral, NV",176130
32023,"Nye, NV",1399138
32027,"Pershing, NV",171772
32029,"Storey, NV",147114
32031,"Washoe, NV",19231980
32033,"White Pine, NV",387363
32510,"Carson City (Independent City), NV",2350263
33001,"Belknap, NH",2810359
33003,"Carroll, NH",2150912
33005,"Cheshire, NH",3263118
33007,"Coos, NH",1157869
33009,"Grafton, NH",4180341
33011,"Hillsborough, NH",20105642
33013,"Merrimack, NH",7881081
33015,"Rockingham, NH",16598202
33017,"Strafford, NH",4957427
33019,"Sullivan, NH",1783997
34001,"Atlantic, NJ",11066928
34003,"Bergen, NJ",62403387
34005,"Burlington, NJ",22499326
34007,"Camden, NJ",22114081
34009,"Cape May, NJ",4448837
34011,"Cumberland, NJ",5328370
34013,"Essex, NJ",41503902
34015,"Gloucester, NJ",12626212
34017,"Hudson, NJ",28818131
34019,"Hunterdon, NJ",9188848
34021,"Mercer, NJ",20537134
34023,"Middlesex, NJ",41056867
34025,"Monmouth, NJ",38134228
34027,"Morris, NJ",37984624
34029,"Ocean, NJ",24241400
34031,"Passaic, NJ",20744181
34033,"Salem, NJ",2749439
34035,"Somerset, NJ",23229291
34037,"Sussex, NJ",7306010
34039,"Union, NJ",28350790
34041,"Warren, NJ",4920921
35001,"Bernalillo, NM",24589583
35003,"Catron, NM",102610
35005,"Chaves, NM",2273956
35006,"Cibola, NM*",645461
35007,"Colfax, NM",486366
35009,"Curry, NM",1941682
35011,"De Baca, NM",82051
35013,"Doa Ana, NM",6604691
35015,"Eddy, NM",2468236
35017,"Grant, NM",947815
35019,"Guadalupe, NM",129795
35021,"Harding, NM",30387
35023,"Hidalgo, NM",153455
35025,"Lea, NM",2521994
35027,"Lincoln, NM",672452
35028,"Los Alamos, NM",1152669
35029,"Luna, NM",680338
35031,"McKinley, NM",1747341
35033,"Mora, NM",209585
35035,"Otero, NM",2099434
35037,"Quay, NM",278154
35039,"Rio Arriba, NM",1251646
35041,"Roosevelt, NM",700421
35043,"Sandoval, NM",4790484
35045,"San Juan, NM",4233330
35047,"San Miguel, NM",865807
35049,"Santa Fe, NM",6667956
35051,"Sierra, NM",364292
35053,"Socorro, NM",514270
35055,"Taos, NM",1004491
35057,"Torrance, NM",428520
35059,"Union, NM",133053
35061,"Valencia, NM*",2245407
36001,"Albany, NY",14598320
36003,"Allegany, NY",1418898
36005,"Bronx, NY",41280014
36007,"Broome, NY",7265654
36009,"Cattaraugus, NY",2658701
36011,"Cayuga, NY",2759289
36013,"Chautauqua, NY",4403883
36015,"Chemung, NY",3272918
36017,"Chenango, NY",1653626
36019,"Clinton, NY",2948741
36021,"Columbia, NY",2743972
36023,"Cortland, NY",1602525
36025,"Delaware, NY",1489150
36027,"Dutchess, NY",13147098
36029,"Erie, NY",37514685
36031,"Essex, NY",1417530
36033,"Franklin, NY",1671572
36035,"Fulton, NY",1886179
36037,"Genesee, NY",2150790
36039,"Greene, NY",1819784
36041,"Hamilton, NY",209603
36043,"Herkimer, NY",2202985
36045,"Jefferson, NY",5119638
36047,"Kings, NY",93052578
36049,"Lewis, NY",1067307
36051,"Livingston, NY",2292188
36053,"Madison, NY",2583894
36055,"Monroe, NY",32320177
36057,"Montgomery, NY",1750944
36059,"Nassau, NY",92799084
36061,"New York, NY",206641782
36063,"Niagara, NY",7890142
36065,"Oneida, NY",8606325
36067,"Onondaga, NY",19558216
36069,"Ontario, NY",4532982
36071,"Orange, NY",15708461
36073,"Orleans, NY",1339916
36075,"Oswego, NY",3967810
36077,"Otsego, NY",2127949
36079,"Putnam, NY",5407918
36081,"Queens, NY",85351783
36083,"Rensselaer, NY",6322349
36085,"Richmond, NY",21109353
36087,"Rockland, NY",15950015
36089,"St. Lawrence, NY",3451483
36091,"Saratoga, NY",11402687
36093,"Schenectady, NY",6525537
36095,"Schoharie, NY",1031581
36097,"Schuyler, NY",635358
36099,"Seneca, NY",1142386
36101,"Steuben, NY",3640385
36103,"Suffolk, NY",79867474
36105,"Sullivan, NY",2749562
36107,"Tioga, NY",1877132
36109,"Tompkins, NY",3733496
36111,"Ulster, NY",7264513
36113,"Warren, NY",2767913
36115,"Washington, NY",2074658
36117,"Wayne, NY",3426121
36119,"Westchester, NY",75808198
36121,"Wyoming, NY",1381185
36123,"Yates, NY",834960
37001,"Alamance, NC",5058491
37003,"Alexander, NC",1043752
37005,"Alleghany, NC",326932
37007,"Anson, NC",716548
37009,"Ashe, NC",799432
37011,"Avery, NC",499970
37013,"Beaufort, NC",1619490
37015,"Bertie, NC",575622
37017,"Bladen, NC",1038627
37019,"Brunswick, NC",3695986
37021,"Buncombe, NC",8715963
37023,"Burke, NC",2504479
37025,"Cabarrus, NC",6572287
37027,"Caldwell, NC",2287306
37029,"Camden, NC",392163
37031,"Carteret, NC",2737642
37033,"Caswell, NC",641676
37035,"Catawba, NC",5460577
37037,"Chatham, NC",3004787
37039,"Cherokee, NC",732990
37041,"Chowan, NC",485305
37043,"Clay, NC",290289
37045,"Cleveland, NC",2932676
37047,"Columbus, NC",1626734
37049,"Craven, NC",3947636
37051,"Cumberland, NC",11364841
37053,"Currituck, NC",886244
37055,"Dare, NC",1446049
37057,"Davidson, NC",5165123
37059,"Davie, NC",1586277
37061,"Duplin, NC",1714735
37063,"Durham, NC",11363230
37065,"Edgecombe, NC",1646990
37067,"Forsyth, NC",13885300
37069,"Franklin, NC",1774558
37071,"Gaston, NC",6950148
37073,"Gates, NC",373451
37075,"Graham, NC",240166
37077,"Granville, NC",1799878
37079,"Greene, NC",557906
37081,"Guilford, NC",18493654
37083,"Halifax, NC",1626266
37085,"Harnett, NC",3392944
37087,"Haywood, NC",1922299
37089,"Henderson, NC",3690553
37091,"Hertford, NC",634292
37093,"Hoke, NC",1398137
37095,"Hyde, NC",141078
37097,"Iredell, NC",6266797
37099,"Jackson, NC",1070344
37101,"Johnston, NC",5641286
37103,"Jones, NC",342723
37105,"Lee, NC",1952801
37107,"Lenoir, NC",1975667
37109,"Lincoln, NC",2616791
37111,"McDowell, NC",1217360
37113,"Macon, NC",1075223
37115,"Madison, NC",572257
37117,"Martin, NC",696180
37119,"Mecklenburg, NC",45228114
37121,"Mitchell, NC",446156
37123,"Montgomery, NC",735682
37125,"Moore, NC",3744963
37127,"Nash, NC",3296023
37129,"New Hanover, NC",7557538
37131,"Northampton, NC",603535
37133,"Onslow, NC",8289284
37135,"Orange, NC",6857274
37137,"Pamlico, NC",456221
37139,"Pasquotank, NC",1326957
37141,"Pender, NC",1638908
37143,"Perquimans, NC",463946
37145,"Person, NC",1220927
37147,"Pitt, NC",5640831
37149,"Polk, NC",714811
37151,"Randolph, NC",4302019
37153,"Richmond, NC",1304159
37155,"Robeson, NC",3397988
37157,"Rockingham, NC",2853944
37159,"Rowan, NC",4211723
37161,"Rutherford, NC",1809932
37163,"Sampson, NC",2002041
37165,"Scotland, NC",1029700
37167,"Stanly, NC",1808924
37169,"Stokes, NC",1390745
37171,"Surry, NC",2237322
37173,"Swain, NC",425527
37175,"Transylvania, NC",1026102
37177,"Tyrrell, NC",111919
37179,"Union, NC",7814147
37181,"Vance, NC",1364224
37183,"Wake, NC",43610292
37185,"Warren, NC",523991
37187,"Washington, NC",391588
37189,"Watauga, NC",1503694
37191,"Wayne, NC",4023498
37193,"Wilkes, NC",2002967
37195,"Wilson, NC",2768488
37197,"Yadkin, NC",1159281
37199,"Yancey, NC",517339
38001,"Adams, ND",104742
38003,"Barnes, ND",514074
38005,"Benson, ND",241184
38007,"Billings, ND",63265
38009,"Bottineau, ND",352493
38011,"Bowman, ND",198075
38013,"Burke, ND",158887
38015,"Burleigh, ND",4110641
38017,"Cass, ND",7171647
38019,"Cavalier, ND",266254
38021,"Dickey, ND",325490
38023,"Divide, ND",125016
38025,"Dunn, ND",234677
38027,"Eddy, ND",100529
38029,"Emmons, ND",180756
38031,"Foster, ND",176131
38033,"Golden Valley, ND",80281
38035,"Grand Forks, ND",2763301
38037,"Grant, ND",95453
38039,"Griggs, ND",118107
38041,"Hettinger, ND",134440
38043,"Kidder, ND",117769
38045,"LaMoure, ND",285240
38047,"Logan, ND",119782
38049,"McHenry, ND",252900
38051,"McIntosh, ND",142148
38053,"McKenzie, ND",441326
38055,"McLean, ND",425771
38057,"Mercer, ND",382198
38059,"Morton, ND",1200895
38061,"Mountrail, ND",446344
38063,"Nelson, ND",162199
38065,"Oliver, ND",86427
38067,"Pembina, ND",352860
38069,"Pierce, ND",188623
38071,"Ramsey, ND",495672
38073,"Ransom, ND",250620
38075,"Renville, ND",162078
38077,"Richland, ND",723222
38079,"Rolette, ND",474002
38081,"Sargent, ND",197389
38083,"Sheridan, ND",78448
38085,"Sioux, ND",115612
38087,"Slope, ND",51201
38089,"Stark, ND",1603011
38091,"Steele, ND",114960
38093,"Stutsman, ND",927940
38095,"Towner, ND",109447
38097,"Traill, ND",389061
38099,"Walsh, ND",476665
38101,"Ward, ND",3169185
38103,"Wells, ND",222069
38105,"Williams, ND",1907476
39001,"Adams, OH",799561
39003,"Allen, OH",3635585
39005,"Ashland, OH",1677936
39007,"Ashtabula, OH",3200514
39009,"Athens, OH",1859725
39011,"Auglaize, OH",1764502
39013,"Belmont, OH",2267804
39015,"Brown, OH",1374493
39017,"Butler, OH",13796372
39019,"Carroll, OH",914075
39021,"Champaign, OH",1312121
39023,"Clark, OH",4674123
39025,"Clermont, OH",8146742
39027,"Clinton, OH",1626019
39029,"Columbiana, OH",3415133
39031,"Coshocton, OH",1103227
39033,"Crawford, OH",1402654
39035,"Cuyahoga, OH",54230876
39037,"Darke, OH",1814947
39039,"Defiance, OH",1302910
39041,"Delaware, OH",10323534
39043,"Erie, OH",4168550
39045,"Fairfield, OH",5480976
39047,"Fayette, OH",923325
39049,"Franklin, OH",49146343
39051,"Fulton, OH",1557036
39053,"Gallia, OH",1030192
39055,"Geauga, OH",5260267
39057,"Greene, OH",6699593
39059,"Guernsey, OH",1257545
39061,"Hamilton, OH",37832051
39063,"Hancock, OH",3009993
39065,"Hardin, OH",954176
39067,"Harrison, OH",468433
39069,"Henry, OH",1020380
39071,"Highland, OH",1269165
39073,"Hocking, OH",876369
39075,"Holmes, OH",1316501
39077,"Huron, OH",1967972
39079,"Jackson, OH",998998
39081,"Jefferson, OH",2217361
39083,"Knox, OH",2079653
39085,"Lake, OH",9393205
39087,"Lawrence, OH",1980396
39089,"Licking, OH",6197385
39091,"Logan, OH",1549200
39093,"Lorain, OH",11173283
39095,"Lucas, OH",16292946
39097,"Madison, OH",1477568
39099,"Mahoning, OH",8772719
39101,"Marion, OH",2018260
39103,"Medina, OH",7543408
39105,"Meigs, OH",665570
39107,"Mercer, OH",1637258
39109,"Miami, OH",3925217
39111,"Monroe, OH",415843
39113,"Montgomery, OH",20139369
39115,"Morgan, OH",397740
39117,"Morrow, OH",1101732
39119,"Muskingum, OH",2852177
39121,"Noble, OH",341171
39123,"Ottawa, OH",1693987
39125,"Paulding, OH",658863
39127,"Perry, OH",1069870
39129,"Pickaway, OH",1894667
39131,"Pike, OH",861098
39133,"Portage, OH",5886594
39135,"Preble, OH",1392571
39137,"Putnam, OH",1394746
39139,"Richland, OH",3956085
39141,"Ross, OH",2397938
39143,"Sandusky, OH",2066330
39145,"Scioto, OH",2357925
39147,"Seneca, OH",1837634
39149,"Shelby, OH",1793615
39151,"Stark, OH",13778311
39153,"Summit, OH",22099725
39155,"Trumbull, OH",6998577
39157,"Tuscarawas, OH",3245514
39159,"Union, OH",2043621
39161,"Van Wert, OH",984629
39163,"Vinton, OH",365823
39165,"Warren, OH",9957451
39167,"Washington, OH",2090558
39169,"Wayne, OH",4012233
39171,"Williams, OH",1268514
39173,"Wood, OH",4954882
39175,"Wyandot, OH",809883
40001,"Adair, OK",551112
40003,"Alfalfa, OK",218677
40005,"Atoka, OK",379423
40007,"Beaver, OK",274619
40009,"Beckham, OK",845316
40011,"Blaine, OK",345447
40013,"Bryan, OK",1197970
40015,"Caddo, OK",871196
40017,"Canadian, OK",4699591
40019,"Carter, OK",1800542
40021,"Cherokee, OK",1284254
40023,"Choctaw, OK",415095
40025,"Cimarron, OK",130964
40027,"Cleveland, OK",10228332
40029,"Coal, OK",175889
40031,"Comanche, OK",4688158
40033,"Cotton, OK",232750
40035,"Craig, OK",450871
40037,"Creek, OK",2498636
40039,"Custer, OK",1096848
40041,"Delaware, OK",1179791
40043,"Dewey, OK",194455
40045,"Ellis, OK",227564
40047,"Garfield, OK",2551838
40049,"Garvin, OK",946249
40051,"Grady, OK",1885620
40053,"Grant, OK",199166
40055,"Greer, OK",152865
40057,"Harmon, OK",95695
40059,"Harper, OK",165074
40061,"Haskell, OK",406845
40063,"Hughes, OK",411033
40065,"Jackson, OK",924426
40067,"Jefferson, OK",213578
40069,"Johnston, OK",340011
40071,"Kay, OK",1668965
40073,"Kingfisher, OK",588973
40075,"Kiowa, OK",315137
40077,"Latimer, OK",341411
40079,"Le Flore, OK",1457577
40081,"Lincoln, OK",1045430
40083,"Logan, OK",1527718
40085,"Love, OK",302642
40087,"McClain, OK",1396103
40089,"McCurtain, OK",942781
40091,"McIntosh, OK",599334
40093,"Major, OK",302499
40095,"Marshall, OK",481588
40097,"Mayes, OK",1200363
40099,"Murray, OK",505550
40101,"Muskogee, OK",2219560
40103,"Noble, OK",408651
40105,"Nowata, OK",327245
40107,"Okfuskee, OK",316935
40109,"Oklahoma, OK",32194332
40111,"Okmulgee, OK",1144919
40113,"Osage, OK",1477403
40115,"Ottawa, OK",1018883
40117,"Pawnee, OK",508669
40119,"Payne, OK",2557252
40121,"Pittsburg, OK",1545436
40123,"Pontotoc, OK",1365094
40125,"Pottawatomie, OK",2441674
40127,"Pushmataha, OK",323398
40129,"Roger Mills, OK",159477
40131,"Rogers, OK",3256152
40133,"Seminole, OK",795268
40135,"Sequoyah, OK",1193273
40137,"Stephens, OK",1827900
40139,"Texas, OK",876723
40141,"Tillman, OK",252889
40143,"Tulsa, OK",32728185
40145,"Wagoner, OK",2458310
40147,"Washington, OK",2384993
40149,"Washita, OK",376630
40151,"Woods, OK",355890
40153,"Woodward, OK",830840
41001,"Baker, OR",483468
41003,"Benton, OR",3234454
41005,"Clackamas, OR",16893912
41007,"Clatsop, OR",1275849
41009,"Columbia, OR",1665886
41011,"Coos, OR",2101682
41013,"Crook, OR",625694
41015,"Curry, OR",742182
41017,"Deschutes, OR",5897179
41019,"Douglas, OR",3414426
41021,"Gilliam, OR",83767
41023,"Grant, OR",233295
41025,"Harney, OR",207712
41027,"Hood River, OR",833126
41029,"Jackson, OR",7160803
41031,"Jefferson, OR",585453
41033,"Josephine, OR",2541105
41035,"Klamath, OR",1997266
41037,"Lake, OR",229721
41039,"Lane, OR",12201496
41041,"Lincoln, OR",1595698
41043,"Linn, OR",3811233
41045,"Malheur, OR",725351
41047,"Marion, OR",10207868
41049,"Morrow, OR",355822
41051,"Multnomah, OR",31207727
41053,"Polk, OR",2459615
41055,"Sherman, OR",93727
41057,"Tillamook, OR",842764
41059,"Umatilla, OR",2396302
41061,"Union, OR",823697
41063,"Wallowa, OR",231645
41065,"Wasco, OR",904733
41067,"Washington, OR",23880745
41069,"Wheeler, OR",35723
41071,"Yamhill, OR",3363998
42001,"Adams, PA",3968960
42003,"Allegheny, PA",58906194
42005,"Armstrong, PA",2696954
42007,"Beaver, PA",6596783
42009,"Bedford, PA",1690980
42011,"Berks, PA",16546969
42013,"Blair, PA",4701149
42015,"Bradford, PA",2215081
42017,"Bucks, PA",35180791
42019,"Butler, PA",8538278
42021,"Cambria, PA",5007373
42023,"Cameron, PA",197460
42025,"Carbon, PA",2459731
42027,"Centre, PA",5816855
42029,"Chester, PA",32778287
42031,"Clarion, PA",1475164
42033,"Clearfield, PA",3013744
42035,"Clinton, PA",1268923
42037,"Columbia, PA",2298989
42039,"Crawford, PA",2942986
42041,"Cumberland, PA",10587999
42043,"Dauphin, PA",11222081
42045,"Delaware, PA",28469868
42047,"Elk, PA",1251490
42049,"Erie, PA",10359215
42051,"Fayette, PA",4722723
42053,"Forest, PA",158242
42055,"Franklin, PA",5744648
42057,"Fulton, PA",500344
42059,"Greene, PA",1370821
42061,"Huntingdon, PA",1461599
42063,"Indiana, PA",2941340
42065,"Jefferson, PA",1642594
42067,"Juniata, PA",815806
42069,"Lackawanna, PA",8349155
42071,"Lancaster, PA",20852903
42073,"Lawrence, PA",3281308
42075,"Lebanon, PA",5149723
42077,"Lehigh, PA",15901751
42079,"Luzerne, PA",11786598
42081,"Lycoming, PA",4297085
42083,"McKean, PA",1620771
42085,"Mercer, PA",3965145
42087,"Mifflin, PA",1470536
42089,"Monroe, PA",5773317
42091,"Montgomery, PA",52776273
42093,"Montour, PA",824548
42095,"Northampton, PA",12688788
42097,"Northumberland, PA",3237126
42099,"Perry, PA",1661169
42101,"Philadelphia, PA",64655783
42103,"Pike, PA",2095471
42105,"Potter, PA",559862
42107,"Schuylkill, PA",5065689
42109,"Snyder, PA",1375977
42111,"Somerset, PA",2683847
42113,"Sullivan, PA",235648
42115,"Susquehanna, PA",1506188
42117,"Tioga, PA",1461705
42119,"Union, PA",1458543
42121,"Venango, PA",1935986
42123,"Warren, PA",1473525
42125,"Washington, PA",9435701
42127,"Wayne, PA",1860366
42129,"Westmoreland, PA",15361589
42131,"Wyoming, PA",1036298
42133,"York, PA",18140075
44001,"Bristol, RI",3033561
44003,"Kent, RI",7891079
44005,"Newport, RI",4437449
44007,"Providence, RI",24668279
44009,"Washington, RI",6655001
45001,"Abbeville, SC",695909
45003,"Aiken, SC",5704396
45005,"Allendale, SC",270925
45007,"Anderson, SC",5998454
45009,"Bamberg, SC",438253
45011,"Barnwell, SC",636280
45013,"Beaufort, SC",7218634
45015,"Berkeley, SC",5959280
45017,"Calhoun, SC",475969
45019,"Charleston, SC",16138778
45021,"Cherokee, SC",1534889
45023,"Chester, SC",882009
45025,"Chesterfield, SC",1169383
45027,"Clarendon, SC",894377
45029,"Colleton, SC",1119115
45031,"Darlington, SC",2054507
45033,"Dillon, SC",739963
45035,"Dorchester, SC",4730034
45037,"Edgefield, SC",736769
45039,"Fairfield, SC",698038
45041,"Florence, SC",4658633
45043,"Georgetown, SC",2234296
45045,"Greenville, SC",17219468
45047,"Greenwood, SC",2174239
45049,"Hampton, SC",559767
45051,"Horry, SC",8386807
45053,"Jasper, SC",598873
45055,"Kershaw, SC",2051347
45057,"Lancaster, SC",2556787
45059,"Laurens, SC",1906220
45061,"Lee, SC",477611
45063,"Lexington, SC",9786590
45065,"McCormick, SC",281940
45067,"Marion, SC",840311
45069,"Marlboro, SC",672996
45071,"Newberry, SC",1175061
45073,"Oconee, SC",2581722
45075,"Orangeburg, SC",2573794
45077,"Pickens, SC",3603989
45079,"Richland, SC",14328997
45081,"Saluda, SC",576045
45083,"Spartanburg, SC",9680088
45085,"Sumter, SC",3408911
45087,"Union, SC",770658
45089,"Williamsburg, SC",909032
45091,"York, SC",8280981
46003,"Aurora, SD",137808
46005,"Beadle, SD",852969
46007,"Bennett, SD",91962
46009,"Bon Homme, SD",267410
46011,"Brookings, SD",1261124
46013,"Brown, SD",1713749
46015,"Brule, SD",247314
46017,"Buffalo, SD",50258
46019,"Butte, SD",317261
46021,"Campbell, SD",71019
46023,"Charles Mix, SD",376746
46025,"Clark, SD",194731
46027,"Clay, SD",470532
46029,"Codington, SD",1114468
46031,"Corson, SD",121030
46033,"Custer, SD",308303
46035,"Davison, SD",849732
46037,"Day, SD",256608
46039,"Deuel, SD",236871
46041,"Dewey, SD",208529
46043,"Douglas, SD",162979
46045,"Edmunds, SD",224061
46047,"Fall River, SD",285621
46049,"Faulk, SD",144118
46051,"Grant, SD",364086
46053,"Gregory, SD",197258
46055,"Haakon, SD",85725
46057,"Hamlin, SD",242925
46059,"Hand, SD",187556
46061,"Hanson, SD",204396
46063,"Harding, SD",59095
46065,"Hughes, SD",807372
46067,"Hutchinson, SD",378583
46069,"Hyde, SD",75388
46071,"Jackson, SD",83335
46073,"Jerauld, SD",105983
46075,"Jones, SD",51203
46077,"Kingsbury, SD",294020
46079,"Lake, SD",562057
46081,"Lawrence, SD",963188
46083,"Lincoln, SD",2544177
46085,"Lyman, SD",166344
46087,"McCook, SD",278846
46089,"McPherson, SD",106324
46091,"Marshall, SD",208894
46093,"Meade, SD",1006840
46095,"Mellette, SD",58313
46097,"Miner, SD",118161
46099,"Minnehaha, SD",7736820
46101,"Moody, SD",321810
46102,"Oglala Lakota, SD*",314568
46103,"Pennington, SD",4328542
46105,"Perkins, SD",112270
46107,"Potter, SD",227887
46109,"Roberts, SD",350783
46111,"Sanborn, SD",116734
46115,"Spink, SD",389609
46117,"Stanley, SD",160399
46119,"Sully, SD",134436
46121,"Todd, SD",229673
46123,"Tripp, SD",272794
46125,"Turner, SD",438227
46127,"Union, SD",1182936
46129,"Walworth, SD",222912
46135,"Yankton, SD",945054
46137,"Ziebach, SD",54269
47001,"Anderson, TN",2733397
47003,"Bedford, TN",1302915
47005,"Benton, TN",479300
47007,"Bledsoe, TN",282841
47009,"Blount, TN",4206818
47011,"Bradley, TN",3325221
47013,"Campbell, TN",1142821
47015,"Cannon, TN",400252
47017,"Carroll, TN",904723
47019,"Carter, TN",1662275
47021,"Cheatham, TN",1327507
47023,"Chester, TN",479878
47025,"Claiborne, TN",946868
47027,"Clay, TN",219694
47029,"Cocke, TN",959457
47031,"Coffee, TN",1708914
47033,"Crockett, TN",514699
47035,"Cumberland, TN",1731357
47037,"Davidson, TN",31215840
47039,"Decatur, TN",422878
47041,"DeKalb, TN",582530
47043,"Dickson, TN",1596423
47045,"Dyer, TN",1339073
47047,"Fayette, TN",1655288
47049,"Fentress, TN",462931
47051,"Franklin, TN",1269147
47053,"Gibson, TN",1627296
47055,"Giles, TN",893608
47057,"Grainger, TN",604151
47059,"Greene, TN",2301547
47061,"Grundy, TN",359988
47063,"Hamblen, TN",2013110
47065,"Hamilton, TN",14411810
47067,"Hancock, TN",145798
47069,"Hardeman, TN",663046
47071,"Hardin, TN",852743
47073,"Hawkins, TN",1657962
47075,"Haywood, TN",570795
47077,"Henderson, TN",840114
47079,"Henry, TN",1085334
47081,"Hickman, TN",636769
47083,"Houston, TN",233775
47085,"Humphreys, TN",579631
47087,"Jackson, TN",297477
47089,"Jefferson, TN",1512068
47091,"Johnson, TN",473216
47093,"Knox, TN",17298692
47095,"Lake, TN",173701
47097,"Lauderdale, TN",694699
47099,"Lawrence, TN",1198923
47101,"Lewis, TN",308677
47103,"Lincoln, TN",1129429
47105,"Loudon, TN",1946416
47107,"McMinn, TN",1552272
47109,"McNairy, TN",716855
47111,"Macon, TN",614651
47113,"Madison, TN",3612856
47115,"Marion, TN",902073
47117,"Marshall, TN",874402
47119,"Maury, TN",2746230
47121,"Meigs, TN",323056
47123,"Monroe, TN",1235263
47125,"Montgomery, TN",7329349
47127,"Moore, TN",206317
47129,"Morgan, TN",554731
47131,"Obion, TN",1124705
47133,"Overton, TN",594501
47135,"Perry, TN",211853
47137,"Pickett, TN",145024
47139,"Polk, TN",469369
47141,"Putnam, TN",2440631
47143,"Rhea, TN",935428
47145,"Roane, TN",1857038
47147,"Robertson, TN",2226899
47149,"Rutherford, TN",8902853
47151,"Scott, TN",560284
47153,"Sequatchie, TN",433552
47155,"Sevier, TN",2846546
47157,"Shelby, TN",38284479
47159,"Smith, TN",585380
47161,"Stewart, TN",508875
47163,"Sullivan, TN",5693026
47165,"Sumner, TN",6199479
47167,"Tipton, TN",1974056
47169,"Trousdale, TN",241246
47171,"Unicoi, TN",586356
47173,"Union, TN",497321
47175,"Van Buren, TN",139919
47177,"Warren, TN",1121254
47179,"Washington, TN",4504274
47181,"Wayne, TN",405034
47183,"Weakley, TN",1056497
47185,"White, TN",730262
47187,"Williamson, TN",13629697
47189,"Wilson, TN",4474015
48001,"Anderson, TX",1675949
48003,"Andrews, TX",664771
48005,"Angelina, TX",2952293
48007,"Aransas, TX",960007
48009,"Archer, TX",381274
48011,"Armstrong, TX",76043
48013,"Atascosa, TX",1515212
48015,"Austin, TX",1200391
48017,"Bailey, TX",245911
48019,"Bandera, TX",766812
48021,"Bastrop, TX",2263100
48023,"Baylor, TX",132626
48025,"Bee, TX",841146
48027,"Bell, TX",13080988
48029,"Bexar, TX",67763802
48031,"Blanco, TX",443541
48033,"Borden, TX",33407
48035,"Bosque, TX",645652
48037,"Bowie, TX",3319666
48039,"Brazoria, TX",12667675
48041,"Brazos, TX",6210269
48043,"Brewster, TX",352327
48045,"Briscoe, TX",52938
48047,"Brooks, TX",228538
48049,"Brown, TX",1180289
48051,"Burleson, TX",633846
48053,"Burnet, TX",1635688
48055,"Caldwell, TX",1192144
48057,"Calhoun, TX",727186
48059,"Callahan, TX",433587
48061,"Cameron, TX",10100398
48063,"Camp, TX",409689
48065,"Carson, TX",230152
48067,"Cass, TX",981708
48069,"Castro, TX",423974
48071,"Chambers, TX",1566874
48073,"Cherokee, TX",1485875
48075,"Childress, TX",187180
48077,"Clay, TX",405076
48079,"Cochran, TX",98713
48081,"Coke, TX",112636
48083,"Coleman, TX",302498
48085,"Collin, TX",44558142
48087,"Collingsworth, TX",96880
48089,"Colorado, TX",849538
48091,"Comal, TX",5346782
48093,"Comanche, TX",458192
48095,"Concho, TX",87564
48097,"Cooke, TX",1659724
48099,"Coryell, TX",2330088
48101,"Cottle, TX",63944
48103,"Crane, TX",173351
48105,"Crockett, TX",138296
48107,"Crosby, TX",157508
48109,"Culberson, TX",77152
48111,"Dallam, TX",355675
48113,"Dallas, TX",115328548
48115,"Dawson, TX",412048
48117,"Deaf Smith, TX",793474
48119,"Delta, TX",165253
48121,"Denton, TX",30537747
48123,"DeWitt, TX",780927
48125,"Dickens, TX",63254
48127,"Dimmit, TX",394712
48129,"Donley, TX",128078
48131,"Duval, TX",405069
48133,"Eastland, TX",822918
48135,"Ector, TX",5632503
48137,"Edwards, TX",62467
48139,"Ellis, TX",5446666
48141,"El Paso, TX",24723980
48143,"Erath, TX",1207339
48145,"Falls, TX",511702
48147,"Fannin, TX",1039799
48149,"Fayette, TX",1055208
48151,"Fisher, TX",163760
48153,"Floyd, TX",218602
48155,"Foard, TX",43479
48157,"Fort Bend, TX",31123255
48159,"Franklin, TX",348455
48161,"Freestone, TX",644155
48163,"Frio, TX",446430
48165,"Gaines, TX",597715
48167,"Galveston, TX",12977063
48169,"Garza, TX",228760
48171,"Gillespie, TX",1147962
48173,"Glasscock, TX",60431
48175,"Goliad, TX",262369
48177,"Gonzales, TX",648580
48179,"Gray, TX",959853
48181,"Grayson, TX",4201717
48183,"Gregg, TX",5820655
48185,"Grimes, TX",810559
48187,"Guadalupe, TX",4932246
48189,"Hale, TX",1078635
48191,"Hall, TX",94478
48193,"Hamilton, TX",402440
48195,"Hansford, TX",299276
48197,"Hardeman, TX",148385
48199,"Hardin, TX",2077456
48201,"Harris, TX",206191652
48203,"Harrison, TX",2527799
48205,"Hartley, TX",332399
48207,"Haskell, TX",193035
48209,"Hays, TX",5894140
48211,"Hemphill, TX",272295
48213,"Henderson, TX",2611904
48215,"Hidalgo, TX",18296373
48217,"Hill, TX",1111872
48219,"Hockley, TX",895339
48221,"Hood, TX",2221784
48223,"Hopkins, TX",1141769
48225,"Houston, TX",703564
48227,"Howard, TX",1170549
48229,"Hudspeth, TX",68824
48231,"Hunt, TX",2782511
48233,"Hutchinson, TX",790918
48235,"Irion, TX",77806
48237,"Jack, TX",329902
48239,"Jackson, TX",496799
48241,"Jasper, TX",1179588
48243,"Jeff Davis, TX",78483
48245,"Jefferson, TX",9287043
48247,"Jim Hogg, TX",148592
48249,"Jim Wells, TX",1570383
48251,"Johnson, TX",5461246
48253,"Jones, TX",548469
48255,"Karnes, TX",448674
48257,"Kaufman, TX",3723968
48259,"Kendall, TX",2309724
48261,"Kenedy, TX",20160
48263,"Kent, TX",30163
48265,"Kerr, TX",2032400
48267,"Kimble, TX",167994
48269,"King, TX",24056
48271,"Kinney, TX",100799
48273,"Kleberg, TX",1031484
48275,"Knox, TX",121004
48277,"Lamar, TX",1705164
48279,"Lamb, TX",441363
48281,"Lampasas, TX",915093
48283,"La Salle, TX",245939
48285,"Lavaca, TX",833504
48287,"Lee, TX",619316
48289,"Leon, TX",568588
48291,"Liberty, TX",2410806
48293,"Limestone, TX",703145
48295,"Lipscomb, TX",174056
48297,"Live Oak, TX",392005
48299,"Llano, TX",697909
48301,"Loving, TX",2262
48303,"Lubbock, TX",10056891
48305,"Lynn, TX",178073
48307,"McCulloch, TX",285002
48309,"McLennan, TX",7860568
48311,"McMullen, TX",44210
48313,"Madison, TX",365800
48315,"Marion, TX",330850
48317,"Martin, TX",208402
48319,"Mason, TX",138327
48321,"Matagorda, TX",1243543
48323,"Maverick, TX",1376122
48325,"Medina, TX",1495881
48327,"Menard, TX",66822
48329,"Midland, TX",14253833
48331,"Milam, TX",774123
48333,"Mills, TX",155873
48335,"Mitchell, TX",262900
48337,"Montague, TX",804981
48339,"Montgomery, TX",25063050
48341,"Moore, TX",729251
48343,"Morris, TX",531129
48345,"Motley, TX",38260
48347,"Nacogdoches, TX",2124197
48349,"Navarro, TX",1543226
48351,"Newton, TX",365652
48353,"Nolan, TX",511556
48355,"Nueces, TX",13697018
48357,"Ochiltree, TX",594647
48359,"Oldham, TX",99786
48361,"Orange, TX",3099728
48363,"Palo Pinto, TX",941104
48365,"Panola, TX",899777
48367,"Parker, TX",5128748
48369,"Parmer, TX",458900
48371,"Pecos, TX",459119
48373,"Polk, TX",1609062
48375,"Potter, TX",4699884
48377,"Presidio, TX",225145
48379,"Rains, TX",315118
48381,"Randall, TX",5166734
48383,"Reagan, TX",145448
48385,"Real, TX",89361
48387,"Red River, TX",412157
48389,"Reeves, TX",351727
48391,"Refugio, TX",302169
48393,"Roberts, TX",39870
48395,"Robertson, TX",589092
48397,"Rockwall, TX",3910938
48399,"Runnels, TX",355026
48401,"Rusk, TX",1779514
48403,"Sabine, TX",329618
48405,"San Augustine, TX",265045
48407,"San Jacinto, TX",764393
48409,"San Patricio, TX",2452591
48411,"San Saba, TX",180305
48413,"Schleicher, TX",124890
48415,"Scurry, TX",720924
48417,"Shackelford, TX",330541
48419,"Shelby, TX",839215
48421,"Sherman, TX",192230
48423,"Smith, TX",10208244
48425,"Somervell, TX",336594
48427,"Starr, TX",1405054
48429,"Stephens, TX",530999
48431,"Sterling, TX",60054
48433,"Stonewall, TX",67721
48435,"Sutton, TX",297811
48437,"Swisher, TX",314809
48439,"Tarrant, TX",77731697
48441,"Taylor, TX",5168115
48443,"Terrell, TX",42147
48445,"Terry, TX",375169
48447,"Throckmorton, TX",77117
48449,"Titus, TX",942303
48451,"Tom Green, TX",4407845
48453,"Travis, TX",52425920
48455,"Trinity, TX",434838
48457,"Tyler, TX",599252
48459,"Upshur, TX",1287139
48461,"Upton, TX",136882
48463,"Uvalde, TX",902808
48465,"Val Verde, TX",1536416
48467,"Van Zandt, TX",1654228
48469,"Victoria, TX",3505339
48471,"Walker, TX",1606466
48473,"Waller, TX",1518258
48475,"Ward, TX",409894
48477,"Washington, TX",1574949
48479,"Webb, TX",7212334
48481,"Wharton, TX",1493902
48483,"Wheeler, TX",273495
48485,"Wichita, TX",5631076
48487,"Wilbarger, TX",468266
48489,"Willacy, TX",541093
48491,"Williamson, TX",17618089
48493,"Wilson, TX",1613035
48495,"Winkler, TX",259292
48497,"Wise, TX",2276677
48499,"Wood, TX",1375409
48501,"Yoakum, TX",301208
48503,"Young, TX",904272
48505,"Zapata, TX",394786
48507,"Zavala, TX",270910
49001,"Beaver, UT",194018
49003,"Box Elder, UT",1474415
49005,"Cache, UT",3443027
49007,"Carbon, UT",731486
49009,"Daggett, UT",38769
49011,"Davis, UT",11172829
49013,"Duchesne, UT",664074
49015,"Emery, UT",349388
49017,"Garfield, UT",153923
49019,"Grand, UT",369460
49021,"Iron, UT",1131115
49023,"Juab, UT",272678
49025,"Kane, UT",230869
49027,"Millard, UT",375370
49029,"Morgan, UT",398144
49031,"Piute, UT",38598
49033,"Rich, UT",65364
49035,"Salt Lake, UT",40216840
49037,"San Juan, UT",336764
49039,"Sanpete, UT",657175
49041,"Sevier, UT",551649
49043,"Summit, UT",2934268
49045,"Tooele, UT",1778184
49047,"Uintah, UT",1097098
49049,"Utah, UT",14798454
49051,"Wasatch, UT",878450
49053,"Washington, UT",3795930
49055,"Wayne, UT",77711
49057,"Weber, UT",7655661
50001,"Addison, VT",1570335
50003,"Bennington, VT",1586816
50005,"Caledonia, VT",1082806
50007,"Chittenden, VT",7826069
50009,"Essex, VT",199737
50011,"Franklin, VT",1853089
50013,"Grand Isle, VT",330915
50015,"Lamoille, VT",1074375
50017,"Orange, VT",1125375
50019,"Orleans, VT",1001602
50021,"Rutland, VT",2645307
50023,"Washington, VT",2771806
50025,"Windham, VT",1863249
50027,"Windsor, VT",2616288
51001,"Accomack, VA",1127574
51007,"Amelia, VA",434620
51009,"Amherst, VA",986078
51011,"Appomattox, VA",476887
51013,"Arlington, VA",17778662
51017,"Bath, VA",200329
51019,"Bedford, VA*",2815345
51021,"Bland, VA",199594
51023,"Botetourt, VA",1366562
51025,"Brunswick, VA",463963
51027,"Buchanan, VA",758555
51029,"Buckingham, VA",422355
51033,"Caroline, VA",995081
51036,"Charles City, VA",252096
51037,"Charlotte, VA",348584
51041,"Chesterfield, VA",14097778
51043,"Clarke, VA",757163
51045,"Craig, VA",158154
51047,"Culpeper, VA",1840723
51049,"Cumberland, VA",287270
51051,"Dickenson, VA",451572
51057,"Essex, VA",383737
51061,"Fauquier, VA",3896301
51063,"Floyd, VA",475295
51065,"Fluvanna, VA",935234
51067,"Franklin, VA",1863059
51071,"Giles, VA",555431
51073,"Gloucester, VA",1553368
51075,"Goochland, VA",1638372
51077,"Grayson, VA",419943
51079,"Greene, VA",661182
51083,"Halifax, VA",1050327
51085,"Hanover, VA",4704853
51087,"Henrico, VA",15438483
51091,"Highland, VA",82054
51093,"Isle of Wight, VA",1659933
51097,"King and Queen, VA",243162
51099,"King George, VA",1116205
51101,"King William, VA",593943
51103,"Lancaster, VA",511178
51105,"Lee, VA",683477
51107,"Loudoun, VA",21794454
51109,"Louisa, VA",1175827
51111,"Lunenburg, VA",343989
51113,"Madison, VA",483798
51115,"Mathews, VA",422740
51117,"Mecklenburg, VA",965316
51119,"Middlesex, VA",437093
51125,"Nelson, VA",580455
51127,"New Kent, VA",1082713
51131,"Northampton, VA",456939
51133,"Northumberland, VA",486299
51135,"Nottoway, VA",465983
51137,"Orange, VA",1329113
51139,"Page, VA",761252
51141,"Patrick, VA",503220
51145,"Powhatan, VA",1161032
51147,"Prince Edward, VA",573168
51155,"Pulaski, VA",1115124
51157,"Rappahannock, VA",387002
51159,"Richmond, VA",256811
51167,"Russell, VA",854223
51169,"Scott, VA",659228
51171,"Shenandoah, VA",1480282
51173,"Smyth, VA",949812
51179,"Stafford, VA",6442230
51181,"Surry, VA",238609
51183,"Sussex, VA",320421
51185,"Tazewell, VA",1467541
51187,"Warren, VA",1521755
51193,"Westmoreland, VA",619318
51197,"Wythe, VA",850005
51510,"Alexandria (Independent City), VA",11282578
51550,"Chesapeake (Independent City), VA",9810572
51650,"Hampton (Independent City), VA",5023462
51700,"Newport News (Independent City), VA",6597736
51710,"Norfolk (Independent City), VA",8509979
51740,"Portsmouth (Independent City), VA",3432513
51760,"Richmond (Independent City), VA",9275942
51770,"Roanoke (Independent City), VA",3545864
51800,"Suffolk (Independent City), VA",3717339
51810,"Virginia Beach (Independent City), VA",20596399
51901,"Albemarle + Charlottesville, VA*",7600380
51903,"Alleghany + Covington, VA*",719169
51907,"Augusta, Staunton + Waynesboro, VA*",4319420
51911,"Campbell + Lynchburg, VA*",4315627
51913,"Carroll + Galax, VA*",1066561
51918,"Dinwiddie, Colonial Heights + Petersburg, VA*",2768377
51919,"Fairfax, Fairfax City + Falls Church, VA*",79951773
51921,"Frederick + Winchester, VA*",4309536
51923,"Greensville + Emporia, VA*",471989
51929,"Henry + Martinsville, VA*",2094123
51931,"James City + Williamsburg, VA*",4467386
51933,"Montgomery + Radford, VA*",3192908
51939,"Pittsylvania + Danville, VA*",3139003
51941,"Prince George + Hopewell, VA*",1958145
51942,"Prince William, Manassas + Manassas Park, VA*",23048257
51944,"Roanoke + Salem, VA*",5030589
51945,"Rockbridge, Buena Vista + Lexington, VA*",1177598
51947,"Rockingham + Harrisonburg, VA*",4024944
51949,"Southampton + Franklin, VA*",864523
51951,"Spotsylvania + Fredericksburg, VA*",6511692
51953,"Washington + Bristol, VA*",2586672
51955,"Wise + Norton, VA*",1421898
51958,"York + Poquoson, VA*",3931958
53001,"Adams, WA",643033
53003,"Asotin, WA",798898
53005,"Benton, WA",7633185
53007,"Chelan, WA",2739138
53009,"Clallam, WA",2620458
53011,"Clark, WA",16916415
53013,"Columbia, WA",167042
53015,"Cowlitz, WA",3608903
53017,"Douglas, WA",1244208
53019,"Ferry, WA",216447
53021,"Franklin, WA",2642732
53023,"Garfield, WA",92406
53025,"Grant, WA",2875160
53027,"Grays Harbor, WA",2235074
53029,"Island, WA",3325494
53031,"Jefferson, WA",1184062
53033,"King, WA",116530320
53035,"Kitsap, WA",10942562
53037,"Kittitas, WA",1371384
53039,"Klickitat, WA",774664
53041,"Lewis, WA",2473215
53043,"Lincoln, WA",411198
53045,"Mason, WA",2057245
53047,"Okanogan, WA",1330744
53049,"Pacific, WA",690095
53051,"Pend Oreille, WA",411911
53053,"Pierce, WA",31819500
53055,"San Juan, WA",834297
53057,"Skagit, WA",4667550
53059,"Skamania, WA",383184
53061,"Snohomish, WA",30231250
53063,"Spokane, WA",17038058
53065,"Stevens, WA",1319828
53067,"Thurston, WA",10530342
53069,"Wahkiakum, WA",132599
53071,"Walla Walla, WA",2110750
53073,"Whatcom, WA",7765222
53075,"Whitman, WA",1510839
53077,"Yakima, WA",8181394
54001,"Barbour, WV",462519
54003,"Berkeley, WV",3700089
54005,"Boone, WV",812334
54007,"Braxton, WV",408503
54009,"Brooke, WV",793447
54011,"Cabell, WV",3468260
54013,"Calhoun, WV",205330
54015,"Clay, WV",262041
54017,"Doddridge, WV",161232
54019,"Fayette, WV",1368718
54021,"Gilmer, WV",196703
54023,"Grant, WV",363512
54025,"Greenbrier, WV",1180679
54027,"Hampshire, WV",693563
54029,"Hancock, WV",1057573
54031,"Hardy, WV",390434
54033,"Harrison, WV",2813801
54035,"Jackson, WV",897687
54037,"Jefferson, WV",2316248
54039,"Kanawha, WV",7988090
54041,"Lewis, WV",557478
54043,"Lincoln, WV",601782
54045,"Logan, WV",1254324
54047,"McDowell, WV",604518
54049,"Marion, WV",2072650
54051,"Marshall, WV",977213
54053,"Mason, WV",772372
54055,"Mercer, WV",2054546
54057,"Mineral, WV",928707
54059,"Mingo, WV",903133
54061,"Monongalia, WV",3771200
54063,"Monroe, WV",370888
54065,"Morgan, WV",526331
54067,"Nicholas, WV",855646
54069,"Ohio, WV",1849782
54071,"Pendleton, WV",247936
54073,"Pleasants, WV",254583
54075,"Pocahontas, WV",264356
54077,"Preston, WV",1053362
54079,"Putnam, WV",2253287
54081,"Raleigh, WV",2877870
54083,"Randolph, WV",895664
54085,"Ritchie, WV",288388
54087,"Roane, WV",429250
54089,"Summers, WV",373036
54091,"Taylor, WV",528898
54093,"Tucker, WV",227291
54095,"Tyler, WV",266427
54097,"Upshur, WV",744542
54099,"Wayne, WV",1166468
54101,"Webster, WV",234352
54103,"Wetzel, WV",460594
54105,"Wirt, WV",156676
54107,"Wood, WV",3025386
54109,"Wyoming, WV",669318
55001,"Adams, WI",655746
55003,"Ashland, WI",521654
55005,"Barron, WI",1774377
55007,"Bayfield, WI",563517
55009,"Brown, WI",10540646
55011,"Buffalo, WI",512251
55013,"Burnett, WI",535302
55015,"Calumet, WI",1985091
55017,"Chippewa, WI",2369247
55019,"Clark, WI",1097834
55021,"Columbia, WI",2359901
55023,"Crawford, WI",552112
55025,"Dane, WI",23503268
55027,"Dodge, WI",3267052
55029,"Door, WI",1261115
55031,"Douglas, WI",1512055
55033,"Dunn, WI",1461627
55035,"Eau Claire, WI",3942697
55037,"Florence, WI",187372
55039,"Fond du Lac, WI",3885770
55041,"Forest, WI",292179
55043,"Grant, WI",1826288
55045,"Green, WI",1529759
55047,"Green Lake, WI",742876
55049,"Iowa, WI",911141
55051,"Iron, WI",224286
55053,"Jackson, WI",759122
55055,"Jefferson, WI",3134339
55057,"Juneau, WI",862648
55059,"Kenosha, WI",6139773
55061,"Kewaunee, WI",813930
55063,"La Crosse, WI",4605249
55065,"Lafayette, WI",648858
55067,"Langlade, WI",689961
55069,"Lincoln, WI",1042117
55071,"Manitowoc, WI",3252419
55073,"Marathon, WI",5307280
55075,"Marinette, WI",1488753
55077,"Marquette, WI",515590
55078,"Menominee, WI*",110778
55079,"Milwaukee, WI",37134853
55081,"Monroe, WI",1514654
55083,"Oconto, WI",1411317
55085,"Oneida, WI",1448436
55087,"Outagamie, WI",7271473
55089,"Ozaukee, WI",5864428
55091,"Pepin, WI",290869
55093,"Pierce, WI",1529191
55095,"Polk, WI",1610653
55097,"Portage, WI",2530125
55099,"Price, WI",518862
55101,"Racine, WI",7760832
55103,"Richland, WI",603890
55105,"Rock, WI",5706193
55107,"Rusk, WI",468170
55109,"St. Croix, WI",3580760
55111,"Sauk, WI",2369556
55113,"Sawyer, WI",619113
55115,"Shawano, WI*",1420006
55117,"Sheboygan, WI",4723257
55119,"Taylor, WI",672412
55121,"Trempealeau, WI",1114925
55123,"Vernon, WI",1020071
55125,"Vilas, WI",842939
55127,"Walworth, WI",3862842
55129,"Washburn, WI",592898
55131,"Washington, WI",6176360
55133,"Waukesha, WI",22376933
55135,"Waupaca, WI",1956364
55137,"Waushara, WI",838285
55139,"Winnebago, WI",6578743
55141,"Wood, WI",2836172
55901,"Shawano (includes Menominee), WI*",(NA)
56001,"Albany, WY",1393825
56003,"Big Horn, WY",414391
56005,"Campbell, WY",2641491
56007,"Carbon, WY",702274
56009,"Converse, WY",630099
56011,"Crook, WY",313097
56013,"Fremont, WY",1588280
56015,"Goshen, WY",519239
56017,"Hot Springs, WY",213186
56019,"Johnson, WY",376866
56021,"Laramie, WY",4458735
56023,"Lincoln, WY",658644
56025,"Natrona, WY",4130136
56027,"Niobrara, WY",104627
56029,"Park, WY",1314376
56031,"Platte, WY",373759
56033,"Sheridan, WY",1418995
56035,"Sublette, WY",589124
56037,"Sweetwater, WY",2114893
56039,"Teton, WY",3241440
56041,"Uinta, WY",849072
56043,"Washakie, WY",360257
56045,"Weston, WY",293065

Legend/Footnotes
* Estimates for 1979 forward reflect Alaska Census Areas as defined by the Census Bureau; those for prior years reflect Alaska Census Divisions as defined in the 1970 Decennial Census.
* Estimates from 1988 forward separate Aleutian Islands Census Area (02010) into Aleutians East Borough (02013) and Aleutians West Census Area (02016).
* Estimates for 1991 forward separate Denali Borough (02068) from Yukon-Koyukuk Census Area (02290) and Lake and Peninsula Borough (02164) from Dillingham Census Area (02070).
"* Estimates from 1993 forward separate Skagway-Yakutat-Angoon Census Area (02231) into Skagway-Hoonah-Angoon Census Area (02232) and Yakutat City and Borough (02282). Estimates from 2008 forward separate Skagway-Hoonah-Angoon Census Area (02232) into Skagway Municipality (02230) and Hoonah-Angoon Census Area (02105). Estimates from 2009 forward separate Wrangell-Petersburg Census Area (02280) into Petersburg Census Area and Wrangell City and Borough (02275). In addition, a part of the Prince of Wales-Outer Ketchikan Census Area (02201) was annexed by Ketchikan Gateway Borough (02130) and part (Meyers Chuck Area) was included in the new Wrangell City and Borough (02275). The remainder of the Prince of Wales-Outer Ketchikan Census Area (02201) was renamed Prince of Wales-Hyder Census Area (02198). Petersburg Borough (02195) was created from part of former Petersburg Census Area and part of Hoonah-Angoon Census Area (02105) for 2013 forward. Prince of Wales-Hyder Census Area (02198) added part of the former Petersburg Census Area beginning in 2013. For years 2009-2012, Petersburg Borough (02195) reflects the geographic boundaries of the former Petersburg Census Area."
"* Wade Hampton Census Area was renamed Kusilvak Census Area (02158) on July 1, 2015."
"* On January 2, 2019, two new county equivalents were created from the former Valdez-Cordova Census Area, Alaska (02261): Chugach Census Area (02063) and Copper River Census Area (02066). Estimates for 2020 forward reflect these changes."
"* La Paz County, AZ was separated from Yuma County on January 1, 1983. The Yuma, AZ MSA contains the area that became La Paz County, AZ through 1982 and excludes it beginning with 1983."
"* Broomfield County, CO, was created from parts of Adams, Boulder, Jefferson, and Weld counties effective November 15, 2001. Estimates for Broomfield county begin with 2002."
"* Kalawao County, Hawaii is combined with Maui County. Separate estimates for the jurisdictions making up the combination areas are not available."
"* Cibola, NM was separated from Valencia in June 1981, but in these estimates, Valencia includes Cibola through the end of 1981."
"* Shannon County, SD was renamed to Oglala Lakota County, SD on May 1, 2015."
"* Virginia combination areas consist of one or two independent cities with 1980 populations of less than 100,000 combined with an adjacent county. The county name appears first, followed by the city name(s). Separate estimates for the jurisdictions making up the combination area are not available. Bedford County, VA includes the independent city of Bedford for all years."
"* Shawano, WI and Menominee, WI are combined as Shawano (incl. Menominee), WI for the years prior to 1989."
"  Metropolitan Areas are defined (geographically delineated) by the Office of Management and Budget (OMB) bulletin no. 20-01 issued March 6, 2020."
Note. All dollar estimates are in thousands of current dollars (not adjusted for inflation). Statistics presented in thousands of dollars do not indicate more precision than statistics presented in millions of dollars.
(NA) Not available.
"  Last updated: February 20, 2025-- revised statistics for 2010-2019."
